Coffee/WaterRatio,Temperature,L-Malic acid,Trigonelline,Pyrogallol,Cinnamic acid,Citric acid,Quinic acid,Fructose,Glucose,Ferulic acid,Caffeic acid,Sucrose,Lactose,Maltose,Chlorogenic acid,Caffeine
10,84,0.066993434,0.028199587,0.032291612,0.000339593,0.699174783,2.604002148,0.002278617,0.000288103,0.000604148,0.028199587,0.04714306,0.009246586,0.000179451,1.126589755,0.458012936
10,84,0.074523697,0.028494293,0.028953622,0.000354705,0.895156595,2.359808671,0.001998456,0.000263559,0.000654047,0.028494293,0.045191924,0.00845879,0.000183166,1.071196176,0.458283948
10,84,0.074836077,0.027686044,0.027537331,0.000361298,0.969021141,2.422674399,0.001748462,0.000235406,0.000654171,0.027686044,0.043248048,0.008735773,0.000186401,1.026578947,0.736891325
10,85,0.069638519,0.024801498,0.025455283,0.000318071,0.768282119,2.535466278,0.001591247,0.000228343,0.000589916,0.024801498,0.043079187,0.008385403,0.000157521,1.016928035,0.693812261
10,85,0.077069486,0.022782771,0.023172391,0.000320697,0.783524693,2.305260578,0.001314884,0.00018924,0.000613054,0.022782771,0.040037748,0.007594544,0.000161408,0.917850722,0.752430066
10,85,0.003378511,0.021958022,0.027331179,0.000224338,0.000901201,2.268850467,0.000385332,0.00023855,0.000327514,0.021958022,0.038807701,0.00964603,9.29E-05,0.132247332,0.528542799
10,86,0.072572295,0.02065344,0.019900625,0.00024884,0.691039702,2.320017113,0.000968232,0.000154579,0.000484414,0.02065344,0.037447195,0.007637758,0.000116808,1.014323126,0.545668186
10,86,0.067156498,0.027681468,0.025490657,0.000263766,1.025412063,2.792804221,0.000807255,0.000213858,0.000591177,0.027681468,0.041264839,0.009339766,0.000117631,1.380545133,0.037102198
10,86,0.069605461,0.032391662,0.024623096,0.000265281,0.502111739,2.826515835,0.001049186,0.000211476,0.000728485,0.032391662,0.040273882,0.008857561,0.000163936,1.142300883,0.599930917
10,87,0.065136987,0.018640899,0.019735256,0.000223601,0.401286519,2.634421039,0.000775005,0.00016836,0.000417624,0.018640899,0.040220475,0.008867077,0.000109181,1.097234837,0.575235529
10,87,0.067312175,0.016983912,0.018049855,0.000213332,0.539505245,2.517522343,0.000766076,0.000148737,0.000371247,0.016983912,0.037877678,0.008763225,0.000136304,1.07670132,0.430302126
10,87,0.067588379,0.014065372,0.017142653,0.000200393,0.511207828,2.731588382,0.000605424,0.00013365,0.000342272,0.014065372,0.039924407,0.009262653,0.000105692,1.119759934,0.410555456
10,88,0.063736982,0.008142206,0.009606779,0.000145799,0.582079123,2.361680299,0.000373863,7.06E-05,0.000257217,0.008142206,0.023896482,0.006768264,9.11E-05,0.819090068,0.318535704
10,88,0.058771618,0.009123619,0.01152162,0.000166124,0.430898597,2.550077683,0.000474407,8.73E-05,0.000248979,0.009123619,0.027666633,0.007875327,0.000101848,0.955492222,0.470975849
10,88,0.061446207,0.009898565,0.011164304,0.000141322,0.544533031,2.594069281,0.000445805,8.02E-05,0.00027646,0.009898565,0.035792857,0.007529664,9.75E-05,1.005002546,0.38949313
10,89,0.060207128,0.007200364,0.008734833,0.000133142,0.616508745,2.542480038,0.0003181,6.65E-05,0.00021603,0.007200364,0.022539564,0.007447105,0.000105141,0.944238584,0.290276552
10,89,0.057771647,0.006619668,0.007923225,0.000130529,0.553454051,2.425331883,0.000303878,5.88E-05,0.00019913,0.006619668,0.032904206,0.007956643,0.00012799,0.940791101,0.231683858
10,89,1.00E-04,0.006110118,0.007337254,0.000121122,0.881938454,2.474605839,0.000355335,5.23E-05,0.000182495,0.006110118,0.026272017,0.008236124,8.39E-05,0.904839909,0.057456357
10,90,0.065106391,0.004265846,0.005126223,0.000105547,0.735103461,2.183552963,0.00025989,3.41E-05,0.000174785,0.004265846,0.014808969,0.006835818,9.76E-05,0.874893935,0.207611185
10,90,0.039335408,0.00538567,0.007552299,9.99E-05,0.020612875,2.909013494,0.000294006,5.94E-05,0.000123698,0.00538567,0.0328097,0.010842979,7.87E-05,1.084043456,0.160338919
10,90,0.052113442,0.004554347,0.005767727,0.000108203,0.401027171,2.32211948,0.000326816,4.16E-05,0.00015935,0.004554347,0.017671002,0.007151976,0.000100641,0.899365018,0.192094023
10,91,0.039181574,0.004162001,0.005691228,6.54E-05,0.03001497,2.811881583,0.000232346,3.83E-05,0.000113306,0.004162001,0.035111496,0.009820647,6.90E-05,1.091288513,0.086998144
10,91,0.034019746,0.003415985,0.004816925,6.87E-05,0.06537655,2.751459364,0.000279581,3.18E-05,9.75E-05,0.003415985,0.031679915,0.009128108,8.41E-05,0.964185187,0.11440742
10,91,0.038703193,0.003866482,0.005718948,8.27E-05,0.138468971,2.551729498,0.000205054,3.88E-05,0.000112552,0.003866482,0.029815314,0.009438587,7.69E-05,0.988999951,0.111303696
10,92,0.02183571,0.002640535,0.003671961,6.24E-05,0.021980306,2.385192349,0.000153121,2.36E-05,8.26E-05,0.002640535,0.018679062,0.009235064,7.90E-05,0.865530159,0.088455318
10,92,0.031471049,0.002775911,0.003659998,6.00E-05,0.191795111,2.363244728,0.000184407,2.38E-05,0.000102266,0.002775911,0.018240371,0.007969386,8.37E-05,0.810795213,0.120655638
10,92,0.021619857,0.00349139,0.004749687,5.04E-05,0.007115443,2.73763233,0.000181833,3.25E-05,8.71E-05,0.00349139,0.034114574,0.00999797,5.84E-05,1.010969647,0.107577769
10,93,0.0105786,0.001955958,0.002921161,4.54E-05,0.003813159,2.668116659,0.000130724,2.09E-05,5.77E-05,0.001955958,0.024950718,0.013284778,6.60E-05,0.800282222,0.092363932
10,93,0.007919338,0.00191498,0.00269643,4.91E-05,0.015179084,2.356111047,0.000117992,1.89E-05,6.52E-05,0.00191498,0.008301228,0.008533116,5.75E-05,0.720528388,0.111956909
10,93,0.05405383,0.026857332,0.059890903,0.000300624,0.198963394,2.805045127,0.003034323,0.000366927,0.000265756,0.026857332,0.029129855,0.005637279,0.000253246,1.117426701,0.114325527
10,93,0.050348529,0.028083071,0.064405197,0.000296168,0.037719766,3.067140537,0.003094979,0.000403672,0.000257408,0.028083071,0.028974426,0.006250605,0.00020472,1.27559694,0.100383634
10,93,0.045549203,0.002539252,0.003591693,5.73E-05,0.411054273,2.841522068,0.000137714,2.47E-05,7.92E-05,0.002539252,0.026263015,0.009520931,7.05E-05,0.927664399,0.047715786
10,94,0.013954294,0.031929254,0.088425447,0.000230613,0.000130262,2.862750464,0.005928221,0.000480725,0.000241904,0.031929254,0.032435467,0.006478001,0.00015932,0.738249752,0.017187846
10,94,0.010479068,0.001995582,0.002435124,4.62E-05,0.018389857,2.362508053,0.000117183,1.71E-05,7.77E-05,0.001995582,0.008145308,0.008738431,5.82E-05,0.710045595,0.084537655
10,94,0.014707367,0.001891685,0.002546081,4.97E-05,0.01108156,2.485558266,0.000121641,1.83E-05,6.28E-05,0.001891685,0.014833723,0.011733714,6.19E-05,0.808009614,0.0828271
10,94,0.062610781,0.02770118,0.053834816,0.000286077,0.310401967,2.953939487,0.00301863,0.000338256,0.000337627,0.02770118,0.029731134,0.005391792,0.000283783,1.216321098,0.572849077
10,94,0.057588961,0.027563115,0.059667704,0.000287067,0.160518762,3.062376813,0.003271233,0.000374456,0.000326283,0.027563115,0.027599161,0.005335811,0.000263289,1.378665717,0.571876821
12,84,0.101800928,0.004837183,0.012714065,0.0002453,0.474628942,1.919924016,0.001404071,9.83E-05,0.000259665,0.004837183,0.050589095,0.013952022,0.00054959,1.171305759,1.010988347
12,84,0.117003477,0.004741216,0.011009657,0.000250234,0.904667142,1.783510601,0.001240021,8.39E-05,0.000231207,0.004741216,0.048023338,0.012443763,0.00061897,1.107706089,0.928646715
12,84,0.101566435,0.005581139,0.011590548,0.000195881,0.319080796,1.886925361,0.001446417,9.41E-05,0.000231341,0.005581139,0.052304339,0.014874192,0.000621798,1.156491037,0.8700005
12,84,0.007141276,0.000114536,9.21E-05,4.32E-06,0.012563028,0.901584448,2.34E-05,1.81E-06,2.06E-05,0.000114536,0.004631951,0.001950491,1.83E-05,0.154452223,0.005751836
12,84,0.015420062,0.000117507,8.16E-05,6.41E-06,0.036582792,0.781814477,2.16E-05,1.69E-06,2.63E-05,0.000117507,0.005068611,0.001896454,2.25E-05,0.128707026,0.006622112
12,85,0.009508038,0.000106724,6.83E-05,3.78E-06,0.025170896,0.793313848,2.15E-05,1.53E-06,2.90E-05,0.000106724,0.004308818,0.00181977,2.45E-05,0.11428227,0.006712159
12,85,0.116170354,0.005044543,0.013036464,0.000264256,0.755375912,1.931561229,0.001432958,0.00010395,0.000258044,0.005044543,0.054147587,0.014809029,0.000524964,1.178054699,0.920695543
12,85,0.012411404,0.000106637,6.38E-05,4.44E-06,0.034737381,0.79668782,1.94E-05,1.35E-06,2.01E-05,0.000106637,0.003804984,0.001501706,1.61E-05,0.121613001,0.006340816
12,85,0.118203773,0.005097988,0.012252856,0.000276103,0.967114255,1.800826494,0.001425579,9.61E-05,0.000246666,0.005097988,0.048512889,0.013558571,0.000641238,1.135535127,1.135056017
12,85,0.111339509,0.005040077,0.012711314,0.000265062,0.845022017,1.865011733,0.001471473,9.79E-05,0.000246505,0.005040077,0.049556044,0.012681365,0.000553035,1.134981087,0.998856227
12,85,0.009564677,0.00011397,7.73E-05,3.05E-06,0.029756051,0.923082194,2.17E-05,1.79E-06,1.60E-05,0.00011397,0.004975503,0.001690192,1.07E-05,0.160104662,0.004887058
12,86,0.00972818,8.81E-05,5.07E-05,2.80E-06,0.009613668,0.882520093,1.03E-05,1.26E-06,2.08E-05,8.81E-05,0.003448027,0.001305453,1.57E-06,0.110263506,0.004989413
12,86,0.032494469,0.003567256,0.004420464,9.61E-05,0.194492768,1.693408468,0.000283202,3.82E-05,0.000147517,0.003567256,0.033955107,0.008450349,0.000216519,0.516900578,0.594499033
12,86,0.010981407,8.31E-05,5.96E-05,7.34E-07,0.02334072,0.832514398,8.92E-06,1.25E-06,2.30E-05,8.31E-05,0.003785362,0.00124105,1.44E-05,0.12468488,0.507424484
12,86,0.006058446,9.61E-05,6.30E-05,3.97E-06,0.018244014,0.869443036,1.30E-05,1.57E-06,1.71E-05,9.61E-05,0.004551921,0.001662294,1.92E-05,0.126350886,0.005082656
12,86,0.026063833,0.003149659,0.003972857,8.16E-05,0.065301908,1.679725203,0.000246828,3.31E-05,0.000119469,0.003149659,0.032009686,0.008462615,0.00018894,0.459120733,1.36733115
12,86,0.101776044,0.005493958,0.01324213,0.000281076,0.643027637,1.924771094,0.001365786,0.000103202,0.000261103,0.005493958,0.051818981,0.014890339,0.000540509,1.134678358,0.961770812
12,87,0.001033428,9.20E-05,7.21E-05,7.25E-07,3.65E-06,1.376437876,6.52E-06,1.78E-06,1.03E-05,9.20E-05,0.004719828,0.003896281,5.46E-06,0.19333028,0.001793329
12,87,0.012361328,8.28E-05,4.67E-05,3.35E-06,0.022790766,0.956920166,1.02E-05,1.14E-06,2.11E-05,8.28E-05,0.003983352,0.001243253,5.00E-06,0.143380594,0.005758187
12,87,0.010885076,9.75E-05,4.42E-05,4.71E-07,0.011580297,0.878229562,9.03E-06,1.03E-06,2.09E-05,9.75E-05,0.004052509,0.001561868,1.46E-05,0.131365823,0.004481985
12,87,0.004981561,0.0033816,0.005867954,4.66E-05,5.88E-05,2.141662088,0.000205291,3.13E-05,6.32E-05,0.0033816,0.034254232,0.009710065,3.87E-05,0.456604064,0.111055696
12,87,0.04126561,0.003902998,0.002970161,6.06E-05,0.235640123,1.726520099,0.000131937,2.97E-05,0.000145805,0.003902998,0.02883994,0.008686347,3.82E-05,0.598758133,0.373583604
12,87,0.034172958,0.003316744,0.003103571,7.37E-05,0.09231553,1.648020073,0.00014711,2.80E-05,0.000177328,0.003316744,0.030307553,0.008357731,3.89E-05,0.543241802,0.185182346
12,88,0.03806632,0.00266821,0.001987286,5.05E-05,0.251500244,1.603773091,0.000114573,1.98E-05,0.000131132,0.00266821,0.020854887,0.007222269,0.000137557,0.462987761,0.125050274
12,88,0.013621144,6.78E-05,3.51E-05,3.87E-06,0.030863728,0.827686625,7.99E-06,9.15E-07,2.40E-05,6.78E-05,0.003117659,0.00113413,1.57E-05,0.099289684,0.004374698
12,88,0.02597339,0.003314184,0.002584634,5.72E-05,0.046593907,1.743295857,0.000144657,2.76E-05,0.000138781,0.003314184,0.029268559,0.008487838,7.39E-05,0.527391506,0.127484088
12,88,0.031084023,0.002983159,0.002261612,5.90E-05,0.123710211,1.633105357,0.00012607,2.36E-05,0.000133559,0.002983159,0.024163249,0.007789924,5.11E-05,0.454704402,0.13690746
12,88,0.00942927,8.14E-05,4.53E-05,2.46E-06,0.008068637,0.998429582,1.28E-05,1.14E-06,1.75E-05,8.14E-05,0.003757911,0.001138253,1.20E-05,0.136811687,0.002841648
12,88,0.006843664,7.37E-05,0.000115512,5.18E-06,0.011719857,0.805555498,1.04E-05,9.80E-07,2.48E-05,7.37E-05,0.003279135,0.001062211,8.85E-06,0.092020942,0.004525599
12,89,0.02517564,0.002299318,0.001777952,4.33E-05,0.15324468,1.655863219,0.00010418,1.95E-05,0.000118069,0.002299318,0.023139235,0.008067773,0.000123984,0.482628445,0.095350347
12,89,0.030003476,0.002084374,0.001630101,4.21E-05,0.168802993,1.579690939,8.25E-05,1.69E-05,0.000106403,0.002084374,0.020988758,0.007207329,0.000110351,0.433618292,0.076409853
12,89,0.026212665,0.00187732,0.001497972,4.00E-05,0.123277173,1.636863585,9.12E-05,1.56E-05,9.90E-05,0.00187732,0.0157383,0.006881465,0.000113949,0.42273479,0.737325516
12,89,0.007052341,5.33E-05,9.51E-05,5.09E-06,0.018659375,0.852279072,1.66E-05,0.000000797,1.50E-05,5.33E-05,0.002663982,0.000903203,6.61E-06,0.109712767,0.589693407
12,89,0.011775739,6.79E-05,3.66E-05,3.18E-06,0.024959222,0.843897982,9.59E-06,8.69E-07,1.63E-05,6.79E-05,0.003181395,0.001119457,1.02E-05,0.109995797,0.00338863
12,89,0.010329247,7.01E-05,3.19E-05,2.35E-06,0.023700468,0.855481945,8.86E-06,9.58E-07,1.81E-05,7.01E-05,0.003234907,0.001201161,8.54E-06,0.106024463,0.003569521
12,90,0.004935146,4.89E-05,8.81E-05,7.30E-06,0.008205607,0.828765101,6.63E-06,7.66E-07,1.12E-05,4.89E-05,0.001969905,0.000978781,1.03E-05,0.09013899,0.003133546
12,90,0.004289407,4.70E-05,7.70E-05,3.34E-06,0.006083022,0.762858362,8.14E-06,7.23E-07,1.31E-05,4.70E-05,0.002128853,0.000830629,1.45E-05,0.068716852,0.003341085
12,90,0.004635173,4.87E-05,8.14E-05,1.54E-05,0.01097316,0.807915159,5.37E-06,7.28E-07,1.59E-05,4.87E-05,0.002074642,0.000927156,1.78E-05,0.076166058,0.002867835
12,90,0.021996347,0.001643475,0.001350144,3.75E-05,0.063929692,1.566134152,7.70E-05,1.51E-05,8.85E-05,0.001643475,0.012602966,0.007700452,8.58E-05,0.406859665,0.068841006
12,90,0.013578512,0.001503056,0.001195758,3.49E-05,0.041644097,1.599679948,7.82E-05,1.31E-05,7.60E-05,0.001503056,0.006271959,0.007321906,7.12E-05,0.381064669,0.06512386
12,90,0.010445365,0.001366836,0.001098335,2.08E-05,0.052842848,1.50229083,6.23E-05,1.28E-05,6.85E-05,0.001366836,0.008223466,0.006615785,9.43E-05,0.358131445,0.062802109
12,91,0.004371863,0.000834147,0.000575389,1.48E-05,0.031300372,1.441690406,4.33E-05,6.28E-06,4.10E-05,0.000834147,0.005624854,0.005464185,1.22E-05,0.324521233,0.056823541
12,91,0.003827775,8.81E-05,7.40E-05,2.52E-06,0.003756182,0.844822372,7.48E-06,7.41E-07,3.59E-05,8.81E-05,0.002204942,0.001065083,1.50E-05,0.084239754,0.002760948
12,91,0.011069692,0.001226944,0.001051048,1.98E-05,0.010590455,1.652135127,6.44E-05,1.16E-05,6.34E-05,0.001226944,0.010867278,0.007203527,5.92E-05,0.403953241,0.053325578
12,91,0.004960068,8.78E-05,6.47E-05,6.64E-06,0.009408435,0.730710024,4.69E-06,6.64E-07,3.93E-05,8.78E-05,0.0019122,0.000890812,0.000179073,0.06653765,0.003139059
12,92,0.003320564,0.00082856,0.000619305,1.35E-05,0.001214088,1.827827314,4.95E-05,7.43E-06,3.75E-05,0.00082856,0.012839331,0.008332357,2.41E-05,0.454353837,0.027587229
12,92,0.00453857,7.94E-05,5.90E-05,5.59E-06,0.003898209,0.782604955,4.44E-06,1.25E-06,2.66E-05,7.94E-05,0.00226317,0.001024394,1.62E-05,0.070793386,0.003371729
12,92,0.003599119,8.64E-05,7.77E-05,1.88E-06,0.000457278,1.062293243,3.65E-06,8.35E-07,2.77E-05,8.64E-05,0.001934435,0.001031452,6.45E-06,0.122837583,0.001623461
12,92,0.006471679,0.000502456,0.000427623,2.07E-05,0.026599222,1.435220043,3.48E-05,4.30E-06,3.63E-05,0.000502456,0.003962459,0.003672344,1.88E-05,0.296738813,0.036553862
12,92,0.005191619,0.000623364,0.000469986,1.36E-05,0.007008727,1.545773189,4.52E-05,5.37E-06,3.78E-05,0.000623364,0.00382289,0.006244495,3.28E-05,0.341474951,0.038196103
12,92,0.005363661,7.93E-05,5.58E-05,9.62E-06,0.005958816,0.706749844,3.58E-06,1.17E-06,3.93E-05,7.93E-05,0.002257836,0.000731637,1.45E-05,0.052613748,0.003818104
12,93,0.006311581,5.85E-05,4.86E-05,4.54E-06,0.008461038,0.71598659,3.37E-06,8.84E-07,3.89E-05,5.85E-05,0.002165305,0.000640021,2.15E-05,0.053139756,0.004553447
12,93,0.003475136,0.000489394,0.000409873,1.50E-05,0.023185578,1.427295342,3.26E-05,4.06E-06,3.60E-05,0.000489394,0.003741958,0.00364976,2.14E-05,0.300585614,1.209658237
12,93,0.004272071,5.75E-05,5.91E-05,8.42E-06,0.003837989,0.762728787,5.27E-06,9.36E-07,3.89E-05,5.75E-05,0.001713949,0.000740916,2.58E-05,0.06264888,0.003073122
12,93,0.00391029,0.000450245,0.000353863,1.72E-05,0.063109774,1.448936678,3.90E-05,3.66E-06,3.68E-05,0.000450245,0.003804207,0.003556091,2.12E-05,0.29717684,0.033704158
12,93,0.004853186,6.72E-05,5.61E-05,3.11E-06,0.00483754,0.743855535,2.00E-06,1.07E-06,4.78E-05,6.72E-05,0.001931937,0.000764017,1.47E-06,0.054762233,1.388224577
12,93,0.002895369,0.000457342,0.000395257,1.20E-05,0.007506615,1.459741475,3.90E-05,4.09E-06,2.73E-05,0.000457342,0.003542344,0.004685074,2.13E-05,0.291650765,0.029577975
12,94,0.066637704,0.037810985,0.040867916,0.000342302,0.586344811,2.335808749,0.002746584,0.000339172,0.000810062,0.037810985,0.045164612,0.008295752,0.00021779,1.004520575,0.008387262
12,94,0.003355717,6.92E-05,5.28E-05,2.10E-11,0.001997038,1.508610959,1.46E-06,1.15E-06,2.22E-05,6.92E-05,0.002054367,0.000977638,1.53E-05,0.095598863,0.002032123
12,94,0.003052596,0.000424319,0.000375322,1.35E-05,0.005322468,1.621672579,2.59E-05,4.11E-06,2.65E-05,0.000424319,0.003614637,0.006749441,1.60E-05,0.386741086,0.025102629
12,94,0.003645528,0.000364986,0.000316498,1.42E-05,0.061309859,1.38866748,2.83E-05,3.17E-06,4.04E-05,0.000364986,0.003480416,0.002987157,2.08E-05,0.291369183,0.031746256
12,94,0.002954247,0.00032244,0.000282183,1.71E-05,0.026162682,1.282387446,1.85E-05,2.82E-06,3.16E-05,0.00032244,0.003379482,0.000890461,1.93E-05,0.244986634,0.000770466
12,94,0.005795126,6.08E-05,4.50E-05,6.89E-06,0.009890097,0.751057847,2.42E-05,9.41E-07,0.002554994,6.08E-05,0.002206881,0.000696497,2.88E-05,0.054178704,0.003474877
14,84,0.060396589,0.000989192,0.001010836,3.02E-05,0.215601386,0.900803028,0.000117417,1.09E-05,0.000118734,0.000989192,0.01342743,0.00524958,0.000144605,0.245388136,0.054404467
14,84,0.063113612,0.001046928,0.001014252,2.95E-05,0.226325385,0.926639653,0.000131848,1.15E-05,0.000125492,0.001046928,0.014015448,0.00565373,0.000135536,0.258284506,0.049247775
14,84,0.068010846,0.008205188,0.006817297,0.000152041,0.633864964,1.454980063,0.000507885,6.78E-05,0.000396006,0.008205188,0.037059102,0.009577093,0.00040452,0.529383735,0.495951851
14,84,0.064542819,0.001117793,0.001206916,3.15E-05,0.234606837,1.009691297,0.000146851,1.30E-05,0.000135723,0.001117793,0.017272316,0.004932142,0.000117085,0.286040678,0.509632611
14,84,0.069555605,0.010422128,0.008780514,0.000195733,0.678593864,1.610606189,0.000620653,8.80E-05,0.000480689,0.010422128,0.041508583,0.009603292,9.39E-05,0.593468873,0.661689259
14,84,0.070536608,0.009177833,0.007740324,0.000171333,0.700749409,1.515224944,0.000532664,7.60E-05,0.000441852,0.009177833,0.041194162,0.009139221,0.000271139,0.55184508,0.404449698
14,85,0.057465402,0.006189568,0.005516948,0.000143873,0.445114862,1.450984985,0.000408763,5.19E-05,0.000298332,0.006189568,0.035631932,0.008635866,0.000388453,0.480367118,0.376129283
14,85,0.064147098,0.006735239,0.005904959,0.000147673,0.541382904,1.406973685,0.000460796,5.74E-05,0.000354295,0.006735239,0.036774365,0.008732884,0.000431864,0.512630837,0.403887519
14,85,0.054561577,0.000849332,0.000934144,2.78E-05,0.166837736,0.871808327,0.000116436,9.83E-06,0.000104253,0.000849332,0.013673988,0.005117472,0.000134165,0.239097375,0.04734178
14,85,0.068691844,0.007118459,0.006026458,0.000154928,0.624595499,1.421110386,0.000455301,6.03E-05,0.000392079,0.007118459,0.037955275,0.009733739,0.000374482,0.518540107,0.451375857
14,85,0.060025636,0.000879003,0.000924813,2.31E-05,0.201110863,0.881619283,0.000123741,1.01E-05,0.000126678,0.000879003,0.013802639,0.005141539,0.000158764,0.230068672,0.051416168
14,85,0.046610701,0.000863795,0.000893306,2.56E-05,0.154566733,0.904964102,0.000106569,9.65E-06,0.000107087,0.000863795,0.01346248,0.005035603,0.000112897,0.231044689,0.044533229
14,86,0.053926787,0.005571631,0.005124458,0.000144509,0.406758083,1.488232634,0.000418094,4.97E-05,0.000272939,0.005571631,0.033828432,0.008248132,0.000342194,0.456714533,0.37323083
14,86,0.048204,0.000743736,0.000776387,2.31E-05,0.174483777,0.936608484,9.00E-05,9.04E-06,9.92E-05,0.000743736,0.014145563,0.005389012,9.74E-05,0.247356289,0.040050902
14,86,0.046983428,0.000795113,0.000827035,2.88E-05,0.166584768,0.884155978,0.000128177,8.85E-06,0.000106614,0.000795113,0.01391579,0.005255627,0.000111419,0.23774227,0.043375038
14,86,0.056169814,0.005177126,0.004571452,0.000132798,0.413354541,1.419230292,0.000348717,4.23E-05,0.000283184,0.005177126,0.032977142,0.008706305,0.000227967,0.413162751,0.365542383
14,86,0.05528691,0.004707423,0.004399579,0.000121758,0.429336272,1.385499696,0.000320818,4.02E-05,0.000225858,0.004707423,0.032204125,0.00757793,0.000267054,0.463014648,0.310299238
14,86,0.044614634,0.00081583,0.000867454,1.95E-05,0.173983378,0.934589411,0.000123714,9.61E-06,9.13E-05,0.00081583,0.015892132,0.005175304,0.000132366,0.242148367,0.041049303
14,87,0.135960677,0.004643196,0.019646931,0.000402436,1.444891966,1.695350439,0.001857862,0.000140145,0.000230896,0.004643196,0.051471191,0.012510455,0.0007963,1.174184017,0.495413994
14,87,0.133824586,0.005345305,0.019902125,0.000428838,1.39001138,1.769299447,0.00188585,0.00013342,0.000258247,0.005345305,0.051910408,0.01245004,0.000856931,1.203661712,1.555029988
14,87,0.029959795,0.000649821,0.000797392,2.22E-05,0.138095898,0.918509244,9.25E-05,7.65E-06,8.57E-05,0.000649821,0.01060254,0.00462012,9.56E-05,0.21417955,0.036164057
14,87,0.035196209,0.000594073,0.001229926,5.02E-05,0.140683865,0.78330733,7.01E-05,6.08E-06,0.000102231,0.000594073,0.008945132,0.004298373,8.37E-05,0.191205697,0.268554867
14,87,0.130711798,0.005858426,0.024652479,0.00039971,1.456454746,1.837378265,0.002257,0.000170444,0.000305212,0.005858426,0.059979145,0.01374686,0.000795891,1.243543146,0.16160162
14,87,0.032206893,0.000527211,0.00117849,4.49E-05,0.131450775,0.795587475,7.94E-05,5.85E-06,8.81E-05,0.000527211,0.009607842,0.004168238,9.31E-05,0.182765051,0.035899962
14,88,0.033168353,0.000503648,0.001090048,2.72E-05,0.14175923,0.811567524,8.22E-05,5.76E-06,7.15E-05,0.000503648,0.008463211,0.004427733,8.20E-05,0.203480885,0.027063463
14,88,0.132970426,0.004900487,0.019672261,0.000381903,1.495668111,1.774978425,0.001645917,0.000133297,0.000219062,0.004900487,0.046056953,0.011858176,0.000827778,1.223645808,1.251057502
14,88,0.030478834,0.000465479,0.000529075,1.10E-05,0.199791115,1.034284331,6.48E-05,6.82E-06,4.61E-05,0.000465479,0.012066662,0.00522717,7.68E-05,0.267402413,0.019328321
14,88,0.032080047,0.000511666,0.001109022,3.68E-05,0.153371507,0.845646439,8.09E-05,6.19E-06,6.03E-05,0.000511666,0.008868565,0.004546218,9.20E-05,0.199065212,0.027080096
14,88,0.132814405,0.005199473,0.020873161,0.000387729,1.560873482,1.843991178,0.003348723,3.73E-05,0.000232316,0.005199473,0.047766402,0.013329723,0.000794698,1.298498401,1.116422267
14,88,0.132709377,0.004861915,0.018201722,0.000407816,1.424643792,1.75799716,0.001592732,0.000116876,0.000223583,0.004861915,0.044148431,0.010627608,0.000882257,1.153116906,1.273980185
14,89,0.026104823,0.00041655,0.000432468,9.60E-06,0.079052206,0.837752368,5.65E-05,4.96E-06,6.14E-05,0.00041655,0.009466581,0.004631801,7.63E-05,0.189760701,0.025525594
14,89,0.122368115,0.004400829,0.014068242,0.000262226,1.335356999,1.806160923,0.001413602,9.80E-05,0.000190414,0.004400829,0.037780712,0.009545308,0.000714829,1.215951907,1.084691382
14,89,0.125706496,0.005138118,0.017221201,0.00031827,1.416664781,1.797129803,0.001433399,0.000120133,0.000227326,0.005138118,0.042269531,0.010231842,0.000731437,1.24568536,1.041574618
14,89,0.110771282,0.004431838,0.015539427,0.000271481,1.155160408,1.733529325,0.001367275,0.000104216,0.00020383,0.004431838,0.037746039,0.009027389,0.000621319,1.186521556,1.219551268
14,89,0.030564266,0.000400657,0.000414664,1.46E-05,0.132085697,0.856844824,7.08E-05,4.99E-06,5.15E-05,0.000400657,0.010252121,0.004602448,8.47E-05,0.217808046,0.022958006
14,89,0.028647728,0.000480301,0.000474544,1.47E-05,0.144795515,0.925762185,8.44E-05,6.08E-06,5.73E-05,0.000480301,0.010534853,0.004730418,8.02E-05,0.230667939,0.020804713
14,90,0.125552577,0.004021391,0.013662797,0.000248655,1.486269244,1.742203473,0.001223173,9.86E-05,0.000176785,0.004021391,0.035314163,0.010743722,0.000663182,1.258376597,0.913471535
14,90,0.030662133,0.000326735,0.000277099,1.29E-05,0.1098935,0.770066693,4.38E-05,3.59E-06,5.56E-05,0.000326735,0.007197032,0.003198351,5.16E-05,0.178768281,1.070225718
14,90,0.029647841,0.000315957,0.000338796,1.12E-05,0.122509318,0.795023876,4.44E-05,4.14E-06,4.55E-05,0.000315957,0.0071969,0.003788983,4.58E-05,0.193924138,4.286755953
14,90,0.126029,0.003917234,0.012576869,0.000268609,1.41149364,1.771685717,0.001183748,9.22E-05,0.000168318,0.003917234,0.033457718,0.009868399,0.00062356,1.220910956,1.207619733
14,90,0.031106969,0.000397882,0.000888304,2.23E-05,0.169361432,0.91341352,6.29E-05,4.82E-06,5.06E-05,0.000397882,0.008833141,0.004565029,6.60E-05,0.226756626,0.018687493
14,90,0.122632227,0.003736732,0.01139985,0.000247396,1.294388136,1.686687721,0.001103032,8.08E-05,0.000183955,0.003736732,0.030029205,0.0094031,0.000577014,1.137452825,0.112029587
14,91,0.028561163,0.000285087,0.000288598,1.14E-05,0.136053728,0.875297316,6.21E-05,4.13E-06,4.56E-05,0.000285087,0.007507139,0.004034074,6.44E-05,0.211528198,0.013640202
14,91,0.129285511,0.00376951,0.010255328,0.000229561,1.358397548,1.679799685,0.00201401,7.66E-05,0.000176012,0.00376951,0.03072786,0.009938395,0.000577579,1.144915788,0.794527602
14,91,0.023581843,0.000251557,0.000223507,6.30E-06,0.066174083,0.78551087,3.60E-05,3.39E-06,4.20E-05,0.000251557,0.006494058,0.003159801,3.44E-05,0.16533784,0.014697884
14,91,0.116392821,0.003818417,0.010521841,0.00018738,1.084308388,1.712777732,0.001019614,7.24E-05,0.000160264,0.003818417,0.033575974,0.009507137,0.000512387,1.128425245,0.901607213
14,91,0.031949465,0.000257824,0.000226852,9.58E-06,0.115253052,0.132340562,4.00E-05,3.21E-06,4.76E-05,0.000257824,0.006124532,0.003199036,4.76E-05,0.17984563,0.015468136
14,91,0.127545342,0.004122314,0.011811922,0.000258443,1.388271079,1.773847452,0.001171373,8.42E-05,0.000172047,0.004122314,0.036940259,0.011122937,0.00056394,1.219037117,0.830115789
14,92,0.032044593,0.000223441,0.000174552,2.10E-05,0.114636935,0.76808325,2.72E-05,2.92E-06,4.69E-05,0.000223441,0.006389683,0.002994573,4.14E-05,0.165913306,0.013519774
14,92,0.118213941,0.004005594,0.011256014,0.00021381,1.183953934,1.764222532,0.00117575,8.47E-05,0.000158921,0.004005594,0.038049489,0.010841176,0.000494185,1.21128722,0.752425825
14,92,0.028153815,0.00020038,0.000172688,1.21E-05,0.087670801,0.75515027,3.21E-05,2.69E-06,4.50E-05,0.00020038,0.005719434,0.002594422,4.67E-05,0.15149126,0.012455871
14,92,0.024702096,0.000238842,0.000214691,1.01E-05,0.069414149,0.804096243,4.29E-05,3.29E-06,3.93E-05,0.000238842,0.007039845,0.003414032,4.41E-05,0.174642629,0.011995524
14,92,0.130578973,0.004054613,0.010814617,0.000237183,1.470642281,1.716306446,0.001007755,8.28E-05,0.000164536,0.004054613,0.035597741,0.011012003,0.000505284,1.198461657,0.795891158
14,92,0.126278136,0.004383534,0.01145587,0.00027531,1.314297855,1.701941048,0.001169987,8.66E-05,0.000188583,0.004383534,0.035939419,0.010698916,0.000499208,1.145738394,0.906073211
14,93,0.028225212,0.000195834,0.0001576,5.54E-06,0.086391105,0.764478221,4.04E-05,2.43E-06,3.15E-05,0.000195834,0.005741055,0.002666934,4.01E-05,0.151511502,0.011057937
14,93,0.023570436,0.000179181,0.000396834,1.51E-05,0.066763132,0.784950645,2.43E-05,2.29E-06,3.48E-05,0.000179181,0.005385766,0.002905789,4.34E-05,0.150475364,0.014913554
14,93,0.025085892,0.000208374,0.000236348,3.41E-06,0.052990751,1.303080306,4.72E-05,3.96E-06,2.47E-05,0.000208374,0.011457374,0.004026313,3.14E-05,0.322348566,0.004642753
14,93,0.125514524,0.006284022,0.020164287,0.000282859,1.095879959,2.09014941,0.001450046,0.000150403,0.000205767,0.006284022,0.06425341,0.020641563,0.000601274,1.401259223,0.647105255
14,93,0.123143833,0.005301868,0.013209886,0.000207713,1.257878486,1.770269304,0.001278229,9.16E-05,0.000220625,0.005301868,0.045439508,0.012030145,0.000606013,1.188195824,1.586222383
14,93,0.126497864,0.004562098,0.01182265,0.000279572,1.340566909,1.706145645,0.001129096,8.37E-05,0.000194729,0.004562098,0.038730803,0.010833411,0.000523728,1.167457409,0.884827569
14,94,0.026716458,0.000128542,9.25E-05,8.06E-06,0.06878816,0.710224017,1.73E-05,1.61E-06,3.00E-05,0.000128542,0.004425275,0.002159262,2.65E-05,0.14300691,0.008169922
14,94,0.027264581,0.0001402,9.55E-05,5.86E-06,0.07314562,0.69438516,2.56E-05,1.64E-06,3.46E-05,0.0001402,0.004903174,0.002025158,3.06E-05,0.133632897,0.010457852
14,94,0.134015097,0.004914765,0.009844567,0.000223936,1.341631828,1.683906408,0.001153703,7.45E-05,0.000230397,0.004914765,0.040737924,0.011435228,0.000550864,1.139410926,0.565227984
14,94,0.02931108,0.00013708,0.000109576,6.39E-06,0.077392518,0.687350814,2.24E-05,1.77E-06,3.82E-05,0.00013708,0.005054502,0.00201298,2.68E-05,0.13694597,0.739603998
14,94,0.133020039,0.004397949,0.010329378,0.000247134,1.279786499,1.65841041,0.001155579,7.54E-05,0.000255789,0.004397949,0.042888262,0.011697535,0.000638043,1.085676449,0.994403865
14,94,0.130692733,0.004275867,0.010425898,0.000260279,1.312807159,1.660803609,0.001187866,7.51E-05,0.000248445,0.004275867,0.0410468,0.011421991,0.000612248,1.114404063,1.058083293
15,84,0.017271338,0.002434302,0.004185318,5.99E-05,0.04768,1.32142017,0.000401509,2.78E-05,0.000112912,0.002434302,0.013366362,0.004563592,0.000138421,0.55310122,0.688865134
15,84,0.041491927,0.001889431,0.003936386,5.52E-05,0.096544764,1.184665914,0.000259994,2.54E-05,0.000145487,0.001889431,0.023029522,0.004899349,0.00017803,0.40307746,0.150263436
15,84,0.050309403,0.001930153,0.003716239,6.08E-05,0.221454071,1.16342881,0.000416637,2.54E-05,0.000146618,0.001930153,0.023656839,0.005224282,0.000179938,0.399271255,0.156866442
15,84,0.01620502,0.002314822,0.003997033,5.59E-05,0.056078634,1.254913204,0.000381926,2.58E-05,0.000131982,0.002314822,0.012338477,0.003397954,0.00011211,0.473028792,0.252778964
15,84,0.019865107,0.002239299,0.003658612,5.23E-05,0.206944032,1.279841123,0.000302767,2.45E-05,0.000117526,0.002239299,0.011692462,0.003487853,0.000118361,0.539586349,0.261852954
15,84,0.043715795,0.001889367,0.003859173,5.52E-05,0.129741636,1.1650644,0.000421434,2.49E-05,0.000142225,0.001889367,0.023092729,0.004896441,0.000175293,0.390936194,0.143630636
15,85,0.045869885,0.001890038,0.00363924,6.15E-05,0.189789348,1.10918582,0.000347448,2.45E-05,0.000165003,0.001890038,0.022972145,0.005350525,0.000191693,0.373022906,0.150017229
15,85,0.016457678,0.002195554,0.003714892,5.43E-05,0.1078336,1.32173451,0.000353805,2.51E-05,0.000122049,0.002195554,0.011931732,0.004020274,0.000132124,0.547595024,0.222112093
15,85,0.018839952,0.002144008,0.003320836,4.90E-05,0.181243333,1.318990636,0.000289098,2.35E-05,0.000115453,0.002144008,0.011519816,0.003549526,0.000119622,0.522438595,0.224423781
15,85,0.017185169,0.001906497,0.003059305,4.92E-05,0.236861814,1.31219936,0.000222466,2.16E-05,0.000104528,0.001906497,0.010856597,0.00313712,8.04E-05,0.537584419,0.222083543
15,85,0.045999537,0.001856209,0.003820448,5.44E-05,0.156950684,1.169530863,0.000355557,2.47E-05,0.000139614,0.001856209,0.022167419,0.005376318,0.000219815,0.387915126,0.145641353
15,85,0.057126574,0.001890331,0.003798436,5.32E-05,0.247638262,1.213137127,0.000348641,2.49E-05,0.000143706,0.001890331,0.022541354,0.005158916,0.000239024,0.405257203,0.137971253
15,86,0.033762406,0.001881341,0.003621764,4.90E-05,0.072991056,1.147251948,0.000366352,2.46E-05,0.000139316,0.001881341,0.022647628,0.005262891,0.000238383,0.359099419,0.135316903
15,86,0.009636075,0.001656917,0.002791664,3.74E-05,0.017621139,1.211312173,0.000224141,1.94E-05,7.81E-05,0.001656917,0.010066933,0.002953818,6.29E-05,0.434420973,0.225776864
15,86,0.029624898,0.001792386,0.003699075,4.49E-05,0.04286202,1.144042335,0.000368082,2.40E-05,0.000140764,0.001792386,0.02374633,0.005424537,0.000218589,0.376997259,0.143518081
15,86,0.007635363,0.001640046,0.00261221,3.23E-05,0.004577842,1.295656764,0.000208242,1.86E-05,7.84E-05,0.001640046,0.009996031,0.002601708,6.86E-05,0.395941097,0.189821599
15,86,0.037500518,0.001811226,0.003658934,5.65E-05,0.072229215,1.092791935,0.000369492,2.24E-05,0.000144343,0.001811226,0.023292229,0.005281194,0.000173794,0.337291234,0.137206077
15,86,0.009214703,0.001486475,0.0023692,2.83E-05,0.01568857,1.211553889,0.000177211,1.67E-05,7.54E-05,0.001486475,0.009108788,0.002526117,6.89E-05,0.411102927,0.162514076
15,87,0.015239209,0.00152167,0.00216803,3.23E-05,0.1873452,1.229716146,0.000140808,1.53E-05,9.08E-05,0.00152167,0.00847228,0.00217039,6.63E-05,0.447711295,0.780341063
15,87,0.001876856,0.001227155,0.002462461,2.42E-05,4.55E-05,1.263286944,0.000198868,1.74E-05,4.53E-05,0.001227155,0.009086432,0.003539997,5.04E-05,0.29033285,0.115196519
15,87,0.051593646,0.001948479,0.003262828,4.94E-05,0.18397236,1.061292722,0.00033988,2.17E-05,0.000187543,0.001948479,0.022169299,0.005124047,0.000240232,0.319099724,0.595678569
15,87,0.035283192,0.001893956,0.003566021,4.64E-05,0.065670143,1.065783595,0.00036057,2.18E-05,0.000151406,0.001893956,0.022917336,0.005091619,0.000217693,0.320245429,0.142345711
15,87,0.012480558,0.001885428,0.003665554,4.31E-05,0.000150393,1.025054835,0.000345192,2.31E-05,0.000124153,0.001885428,0.022420285,0.004887585,0.00016756,0.278124601,0.114863897
15,87,0.010398354,0.001421694,0.002349269,3.54E-05,0.01747367,1.21623809,0.000178009,1.65E-05,8.79E-05,0.001421694,0.009318734,0.002312288,7.59E-05,0.414222575,0.146813916
15,88,0.151359949,0.000394122,0.000444693,0.000186735,6.15E-05,0.019098256,3.02E-05,3.52E-06,0.000173122,0.000394122,0.01549404,0.004101697,0.000229575,1.25E-05,1.466092917
15,88,0.010954641,0.001241804,0.00196357,3.43E-05,0.028613873,1.313940628,0.000131357,1.41E-05,6.74E-05,0.001241804,0.007609104,0.003327488,4.27E-05,0.477948527,0.12581429
15,88,0.027740961,0.001937908,0.003142385,5.49E-05,0.014153424,1.038005154,0.000332036,2.12E-05,0.000163793,0.001937908,0.020162766,0.005049995,0.00016095,0.302540958,0.115572539
15,88,0.043716581,0.001976367,0.00339663,5.49E-05,0.080853958,1.150124783,0.000280991,2.31E-05,0.000159174,0.001976367,0.022716691,0.005396017,0.000222881,0.357075923,0.135507685
15,88,0.004929024,0.001249319,0.001944728,1.76E-05,0.000228301,1.225975313,0.000130629,1.33E-05,6.35E-05,0.001249319,0.008003684,0.002497817,6.44E-05,0.350800805,0.128108576
15,88,0.004406224,0.001901908,0.00360146,1.87E-05,2.83E-05,1.04589986,0.000379634,2.31E-05,0.000114997,0.001901908,0.021639428,0.004843565,0.000175901,0.166441327,0.103456173
15,89,0.047289774,0.002263138,0.003355813,4.98E-05,0.109134356,1.083393289,0.000314676,2.25E-05,0.000203326,0.002263138,0.022832696,0.005218775,0.000187296,0.368707439,0.123508767
15,89,0.009927027,0.001673975,0.001557061,1.84E-05,0.030812973,1.247173161,6.83E-05,1.14E-05,0.000131957,0.001673975,0.007203035,0.002207765,4.23E-05,0.414644244,0.11286956
15,89,0.007671337,0.00119714,0.001390174,2.60E-05,0.020804717,1.257963085,9.00E-05,1.05E-05,8.46E-05,0.00119714,0.007070003,0.002282305,3.41E-05,0.465714759,0.136632512
15,89,0.052544604,0.001997167,0.003189006,6.17E-05,0.192505225,1.085564876,0.000293446,2.12E-05,0.000187107,0.001997167,0.02197894,0.005368002,0.000203947,0.34508842,0.118154512
15,89,0.011886627,0.001002459,0.00123477,2.83E-05,0.183073176,1.285174159,9.18E-05,9.54E-06,7.26E-05,0.001002459,0.006594471,0.002029393,3.46E-05,0.474025067,0.087173148
15,89,0.036104648,0.001982371,0.003238212,4.01E-05,0.068695134,1.074929512,0.000347023,2.16E-05,0.000166825,0.001982371,0.022638639,0.005200081,0.000217603,0.331406858,0.153235358
15,90,0.030324665,0.001762153,0.003192644,3.80E-05,0.048245399,1.129104176,0.00031609,2.06E-05,0.000144922,0.001762153,0.020524855,0.004657877,0.0001803,0.343760105,0.100529968
15,90,0.00549692,0.000712115,0.001057818,1.76E-05,0.008017775,1.212075063,6.95E-05,7.43E-06,4.32E-05,0.000712115,0.005794875,0.001856321,2.43E-05,0.390787098,0.06930102
15,90,0.00517312,0.003060081,0.002814726,1.13E-05,0.144425695,1.081459121,0.000315746,1.85E-05,5.30E-05,0.003060081,0.00576357,0.001963973,3.23E-05,0.35205638,0.084223752
15,90,0.030582953,8.96E-05,7.29E-05,4.07E-05,0.001628756,0.844038908,4.53E-06,7.25E-07,0.000156332,8.96E-05,0.023854592,0.005712433,0.000231572,0.074988504,0.12110628
15,91,0.038308755,0.023245749,0.018392176,4.86E-05,0.958150991,1.458831962,0.002104457,0.000159218,0.000405971,0.023245749,0.023749464,0.005276493,0.000198821,0.685979419,0.403357213
15,91,0.003856024,0.023245749,0.018392176,6.22E-06,0.958150991,1.458831962,0.002104457,0.000159218,2.26E-05,0.023245749,0.00199523,0.000987486,1.56E-05,0.685979419,0.002600585
15,91,0.143958216,0.000472662,0.000584852,0.000659957,0.014786099,1.242162124,2.70E-05,4.39E-06,0.001915558,0.000472662,0.101772565,0.019673606,0.001545823,0.374281271,0.036748878
15,91,0.143958216,0.000472662,0.000584852,0.000659957,0.014786099,1.242162124,2.70E-05,4.39E-06,0.001915558,0.000472662,0.101772565,0.019673606,0.001545823,0.374281271,1.46666958
15,91,0.004918943,0.003671528,0.003000545,1.20E-05,0.058084489,1.046175182,0.000259085,1.84E-05,4.73E-05,0.003671528,0.003871018,0.001674877,7.62E-06,0.259887055,0.036748878
15,91,0.004918943,0.000831317,0.000583629,1.20E-05,0.003549493,1.583141293,3.95E-05,6.57E-06,4.73E-05,0.000831317,0.003871018,0.001674877,7.62E-06,0.351350542,1.46666958
15,91,0.031922294,0.00246487,0.002808295,4.23E-05,0.068288686,1.103611137,0.000248374,1.95E-05,0.000561835,0.00246487,0.022871978,0.005029088,0.00019317,0.330708045,0.125221464
15,91,0.003838638,0.000721138,0.000740989,1.38E-05,0.009806899,1.198711354,2.74E-05,5.12E-06,3.22E-05,0.000721138,0.004210465,0.006234459,2.29E-05,0.236198098,0.048273506
15,91,0.030752639,0.000721138,0.000740989,3.46E-05,0.009806899,1.198711354,2.74E-05,5.12E-06,0.00025603,0.000721138,0.023986129,0.004952893,0.00021546,0.236198098,0.097472107
15,91,0.004928266,0.02629912,0.01913053,1.63E-05,0.969576769,1.463791932,0.001966253,0.000158534,8.04E-05,0.02629912,0.004605294,0.001630615,7.83E-06,0.664021129,0.125591333
15,91,0.004928266,0.02629912,0.01913053,1.63E-05,0.969576769,1.463791932,0.001966253,0.000158534,8.04E-05,0.02629912,0.004605294,0.001630615,7.83E-06,0.664021129,1.430242261
15,91,0.140771956,0.025512481,0.021104074,0.000666525,1.103122516,1.643030733,0.002402425,0.000176704,0.0023144,0.025512481,0.105431928,0.019476008,0.001560689,0.783073024,0.125591333
15,91,0.140771956,0.025512481,0.021104074,0.000666525,1.103122516,1.643030733,0.002402425,0.000176704,0.0023144,0.025512481,0.105431928,0.019476008,0.001560689,0.783073024,1.430242261
15,91,0.173623872,0.000584802,0.000599555,0.000839727,0.097786888,1.228706168,4.11E-05,4.55E-06,0.002121594,0.000584802,0.1194603,0.022032312,0.001901799,0.372483769,0.038954651
15,91,0.173623872,0.000584802,0.000599555,0.000839727,0.097786888,1.228706168,4.11E-05,4.55E-06,0.002121594,0.000584802,0.1194603,0.022032312,0.001901799,0.372483769,1.317352128
15,91,0.008529174,0.002168681,0.00270164,1.29E-05,0.055375269,1.124695629,0.000288071,1.95E-05,6.43E-05,0.002168681,0.004126807,0.001674167,1.14E-05,0.335949784,0.038954651
15,91,0.008529174,0.0219417,0.020978694,1.29E-05,0.036893527,1.643764351,0.001809206,0.000168839,6.43E-05,0.0219417,0.004126807,0.001674167,1.14E-05,0.581573037,1.317352128
15,92,0.027958185,0.002008045,0.002676784,3.70E-05,0.030580366,1.10665663,0.000283162,1.90E-05,0.000190845,0.002008045,0.023926519,0.005064895,0.000177013,0.338205206,0.091629637
15,92,0.03077943,0.023885348,0.021886484,0.000187909,0.362937188,1.682643822,0.00216751,0.000170563,0.000618286,0.023885348,0.056708952,0.010036476,0.000678269,0.683872926,0.633544139
15,92,0.022979451,0.002213187,0.002686764,2.03E-05,0.080035203,1.057430531,0.000257653,1.86E-05,0.000168952,0.002213187,0.024988444,0.005357743,0.000161401,0.323998933,0.086689094
15,92,0.052861757,0.022423179,0.021731133,0.000259215,0.164415905,1.693114191,0.002162391,0.000170856,0.000746224,0.022423179,0.055508766,0.009457195,0.000648094,0.634946968,0.015713501
15,92,0.03312608,0.001888736,0.002601956,5.31E-05,0.089680794,1.103710148,0.000262964,1.86E-05,0.000235108,0.001888736,0.023915647,0.005459562,0.000189647,0.332707112,0.098161228
15,92,0.043794039,0.001520449,0.002303868,0.000221733,0.036886129,0.984908302,0.000275222,1.53E-05,0.000690342,0.001520449,0.052892455,0.009422501,0.000618353,0.256196914,0.552913768
15,93,0.034435992,0.01806765,0.017501434,2.98E-05,0.161038476,1.565322684,0.001344335,0.000136311,0.000171009,0.01806765,0.022169641,0.005071337,0.000178671,0.50171482,0.095224733
15,93,0.020523626,0.021562,0.018852636,3.91E-05,0.433990167,1.616092033,0.001621815,0.000154001,0.00013526,0.021562,0.019708715,0.005112904,0.000165525,0.639085761,0.092102309
15,93,0.046082966,0.001795598,0.002496824,0.000186291,0.114330763,1.047471626,0.000291194,1.76E-05,0.000667302,0.001795598,0.052382308,0.010165866,0.000575797,0.318099647,0.678056171
15,93,0.056297112,0.021837613,0.020326631,0.000235689,0.348158041,1.685044959,0.001774628,0.000160691,0.00069934,0.021837613,0.052094277,0.009760537,0.000584752,0.627354424,0.664585567
15,93,0.032582404,0.001571195,0.002318053,4.08E-05,0.072108482,1.036467589,0.00022576,1.64E-05,0.000172215,0.001571195,0.022120187,0.005018142,0.000209038,0.304228114,0.086043219
15,93,0.055262782,0.00156405,0.002105966,0.000267024,0.079471172,0.985882521,0.000226897,1.56E-05,0.000738231,0.00156405,0.050413142,0.0095134,0.000594501,0.287563574,0.654436836
15,94,0.029107156,0.018741375,0.017070278,3.59E-05,0.337100256,1.58099734,0.001354458,0.000136262,0.000164081,0.018741375,0.018964458,0.005089966,0.000129386,0.571933013,0.494918194
15,94,0.029780957,0.017915073,0.016991721,3.55E-05,0.335607993,1.570991976,0.001174613,0.000137514,0.000165664,0.017915073,0.019217326,0.005214047,0.000166717,0.558329284,0.078618149
15,94,0.052890244,0.001514586,0.002227824,0.000216558,0.048190347,1.047096151,0.000254523,1.63E-05,0.00072435,0.001514586,0.05146546,0.009916214,0.000526574,0.292898918,0.517927186
15,94,0.054507241,0.01602594,0.015749908,0.000222902,0.180856031,1.602226769,0.001167701,0.000122763,0.000699024,0.01602594,0.049933859,0.009449857,0.000510006,0.506068161,0.586587783
15,94,0.023716891,0.001445433,0.003472083,3.28E-05,0.181703024,1.086209424,0.000372314,2.14E-05,0.000133108,0.001445433,0.019143459,0.00511216,0.000160225,0.370799374,0.07291073
15,94,0.047047956,0.002785579,0.004848706,0.000218969,0.071057733,1.254241758,0.000497795,2.91E-05,0.000655616,0.002785579,0.05228458,0.010325691,0.000501807,0.507535696,0.657808747
17,84,0.047633437,0.002725603,0.004695612,6.49E-05,0.21579278,1.299477447,0.000474514,2.87E-05,0.000105096,0.002725603,0.021162648,0.004715854,0.000192798,0.533361929,0.154986418
17,84,0.019568938,0.001440546,0.003608712,8.43E-05,0.144097845,1.079688624,0.000378473,2.27E-05,0.000161373,0.001440546,0.015338297,0.004544175,0.000180456,0.379663706,0.349595651
17,84,0.024236055,0.002631221,0.004323234,7.01E-05,0.057527327,1.23004393,0.000389015,2.66E-05,0.000153499,0.002631221,0.014138842,0.004440743,0.000174591,0.478713587,0.313899149
17,84,0.042662028,0.001525812,0.003304373,5.17E-05,0.110020836,1.028434251,0.000320188,2.03E-05,0.000101763,0.001525812,0.021930851,0.005061877,0.000218511,0.338684193,0.153935476
17,84,0.017730628,0.001637991,0.004031635,7.14E-05,0.119245,1.258926288,0.000440356,2.62E-05,0.000145209,0.001637991,0.014140713,0.003393456,0.00017608,0.439491484,0.338475576
17,84,0.036855778,0.001573422,0.003726025,4.79E-05,0.101254822,1.095681874,0.000332796,2.17E-05,0.000129155,0.001573422,0.021798708,0.00495286,0.000177764,0.367912813,0.176524949
17,85,0.045802211,0.002357035,0.004113049,5.11E-05,0.056140372,1.249084681,0.000398194,2.63E-05,0.00011268,0.002357035,0.022519324,0.005235335,0.000253754,0.522038466,0.134564373
17,85,0.039240101,0.002647964,0.004443004,5.17E-05,0.272790355,1.280990903,0.000436423,2.75E-05,0.000117917,0.002647964,0.021153856,0.004827926,0.00018846,0.547308539,0.17954197
17,85,0.018048676,0.002729233,0.004838975,6.20E-05,0.04900397,1.393829367,0.000583778,3.14E-05,0.000132909,0.002729233,0.014019616,0.003905272,0.000138918,0.576068343,0.331544895
17,85,0.025675254,0.001570607,0.003637817,7.06E-05,0.230701785,1.101263661,0.000370736,2.22E-05,0.000145855,0.001570607,0.013863362,0.003971478,0.000183607,0.386945782,0.279471756
17,85,0.018858064,0.001736682,0.003703975,8.18E-05,0.136795087,1.11623034,0.00037941,2.30E-05,0.000141228,0.001736682,0.014529513,0.005269663,0.0001541,0.374695689,0.289055835
17,85,0.052904797,0.001736682,0.003703975,6.03E-05,0.136795087,1.11623034,0.00037941,2.30E-05,0.000156851,0.001736682,0.022254808,0.005064247,0.000204635,0.374695689,0.149673423
17,86,0.042453949,0.001804238,0.003764561,6.23E-05,0.123705003,1.116624655,0.000400317,2.32E-05,0.000137065,0.001804238,0.02277009,0.005199995,0.000188592,0.354500811,0.16555741
17,86,0.042453949,0.001804238,0.003764561,6.23E-05,0.123705003,1.116624655,0.000400317,2.32E-05,0.000137065,0.001804238,0.02277009,0.005199995,0.000188592,0.354500811,0.648577682
17,86,0.042508994,0.002435253,0.004063345,6.22E-05,0.09629574,1.316430925,0.00038103,2.58E-05,0.000141131,0.002435253,0.024085929,0.005159758,0.000208268,0.497641087,0.16555741
17,86,0.042508994,0.001341085,0.001757496,6.22E-05,0.036110919,0.847267157,0.000206309,1.32E-05,0.000141131,0.001341085,0.024085929,0.005159758,0.000208268,0.205117297,0.648577682
17,86,0.018663916,0.00142734,0.001837745,5.09E-05,0.057300082,0.897236184,0.000214224,1.36E-05,0.000146004,0.00142734,0.013485342,0.003596068,0.000131363,0.22455007,0.263022245
17,86,0.017672815,0.013706606,0.01241371,2.94E-05,0.230852439,1.344846184,0.000957882,0.000100302,0.000170794,0.013706606,0.019232904,0.00554312,0.000163356,0.353045732,0.100162851
17,86,0.025876436,0.012336269,0.011852077,3.90E-05,0.115186974,1.28707687,0.000891311,9.38E-05,0.000164541,0.012336269,0.018050093,0.005412261,0.000177195,0.334465321,0.085232402
17,86,0.046778899,0.001355102,0.001916675,0.000202901,0.005061243,0.949698133,0.000212416,1.44E-05,0.00062863,0.001355102,0.048046309,0.009706583,0.000578549,0.232408818,0.754507038
17,86,0.031517082,0.001234798,0.001736328,0.00015888,0.012410125,0.879411846,0.000179617,1.29E-05,0.000609017,0.001234798,0.050047619,0.010693909,0.000623054,0.206136724,0.789653777
17,87,0.012234926,0.010978718,0.009706266,2.42E-05,0.225755409,1.346854946,0.000693184,7.69E-05,0.000122013,0.010978718,0.02074773,0.00501136,0.000123832,0.356408682,0.064181281
17,87,0.017478505,0.00120346,0.001545843,1.81E-05,0.059724913,0.819307641,0.000162889,1.15E-05,0.000127384,0.00120346,0.017902999,0.005018208,0.000138392,0.209256396,0.067898005
17,87,0.040085193,0.010918807,0.012164155,0.00016786,1.06E-05,1.425955978,0.000901181,9.62E-05,0.000554594,0.010918807,0.044988697,0.009545457,0.00045513,0.336692841,0.653623219
17,87,0.022237148,0.011110266,0.011157914,3.35E-05,0.011835786,1.385911316,0.00082856,8.56E-05,0.000163792,0.011110266,0.019243208,0.005458383,0.000161505,0.341209635,0.097903391
17,87,0.019705105,0.035159682,0.027895052,0.000134736,0.874569793,1.732785901,0.002015721,6.08E-05,0.000390448,0.035159682,0.046814548,0.010030827,0.000440839,0.673345791,0.529365687
17,87,0.025334192,0.009188117,0.00900844,0.0001312,0.063887626,1.288789968,0.000708685,7.13E-05,0.000445513,0.009188117,0.045959751,0.009856384,0.000462133,0.31669975,0.519439087
17,88,0.088417032,0.000948061,0.001262935,0.000408307,0.028837112,0.728699073,0.000131369,9.68E-06,0.001158163,0.000948061,0.063092049,0.008182816,0.00017631,0.156087455,0.010434609
17,88,0.030300109,0.001160117,0.001491201,0.000117416,0.033354624,0.852015571,0.000184688,1.20E-05,0.000439806,0.001160117,0.042902032,0.009249599,0.000442797,0.20993237,0.588796579
17,88,0.018052274,0.000311606,0.000213139,2.43E-05,0.119052375,0.938191429,3.09E-05,5.95E-07,0.000150085,0.000311606,0.016425764,0.004719361,0.000134793,0.175288689,0.09044184
17,88,0.018682993,0.009282596,0.008601483,2.08E-05,0.088069735,1.310089775,0.00068869,6.73E-05,0.000139806,0.009282596,0.016777709,0.005039538,0.00011833,0.295259359,0.073548787
17,88,0.006328275,0.026166193,0.023081763,2.14E-05,0.825119349,1.785556068,0.001644101,0.000166821,6.86E-05,0.026166193,0.004630699,0.000846458,4.00E-05,0.66385044,0.002199067
17,88,0.030613244,0.027023307,0.024835105,0.000103068,0.794468608,1.729283988,0.001794054,0.00017542,0.000465401,0.027023307,0.040921011,0.009346157,0.000375787,0.610248609,0.511609988
17,89,0.084135994,0.00027695,0.000190408,0.000371501,0.146857666,0.955595148,2.05E-05,5.70E-07,0.000998189,0.00027695,0.061120165,0.008722449,0.000214659,0.188350931,0.065964911
17,89,0.084272747,0.030907788,0.025887106,0.000368867,0.966207034,1.868964267,0.001853799,5.89E-05,0.001040115,0.030907788,0.066210937,0.008446167,0.000171799,0.720927665,0.00697056
17,89,0.006625976,0.027343248,0.02423152,3.02E-05,0.862296942,1.747092901,0.001741872,5.10E-05,7.77E-05,0.027343248,0.004177709,0.000828104,5.39E-05,0.656798195,0.060927216
17,89,0.087237923,0.024054688,0.022944922,0.000428326,0.907872232,1.851046387,0.001301096,0.000173853,0.001098923,0.024054688,0.063538046,0.00871956,0.00047683,0.730408568,1.186905722
17,90,0.084080901,0.025749468,0.039493856,0.000392485,1.418224318,2.036447475,0.00225072,5.95E-05,0.000962976,0.025749468,0.06357107,0.008489114,0.000137555,0.746552373,0.779755843
17,90,0.08771981,0.036527317,0.034670964,0.000378903,1.224475791,1.879479125,0.002005996,5.25E-05,0.000867943,0.036527317,0.059480516,0.008312175,0.0002481,0.678827816,0.767601877
17,90,0.093967219,0.024193301,0.0215602,0.000328111,0.847216246,1.653528229,0.001392758,0.000158455,0.000529572,0.024193301,0.029196714,0.006010167,0.000275897,0.667165723,0.558609296
17,91,0.103448413,0.027987064,0.032251604,0.000330482,1.259400882,1.809784249,0.001864459,5.09E-05,0.000885253,0.027987064,0.029356941,0.005359526,0.000240662,0.622799387,0.038438125
17,91,0.086554259,0.023847486,0.037272811,0.000385132,1.311387979,1.931455961,0.002190882,5.77E-05,0.000869103,0.023847486,0.06402391,0.008109041,0.00042812,0.710822317,0.77354912
17,91,0.100563674,0.024841963,0.037460849,0.000201702,1.277329906,1.982873336,0.002159304,5.82E-05,0.00065686,0.024841963,0.027875608,0.00539115,0.000263142,0.717983055,1.411404243
17,92,0.095421011,0.024351626,0.035585477,0.000370616,1.338451302,1.832319935,0.002003558,5.30E-05,0.000530504,0.024351626,0.030091484,0.005942083,0.000235742,0.67123801,0.030009761
17,92,0.093074948,0.023015181,0.035171802,0.000320473,1.350734779,1.841680449,0.00210466,5.50E-05,0.000498358,0.023015181,0.030302169,0.006146724,0.00028376,0.705014579,0.694629664
17,92,0.093569127,0.02289089,0.033920861,0.000166126,1.335560114,1.826503801,0.002111921,5.54E-05,0.000503422,0.02289089,0.027602461,0.005586336,0.000234002,0.726859736,0.715280445
17,93,0.090436447,0.022807442,0.038365704,0.000172635,1.379823253,2.020641688,0.003779199,6.00E-05,0.000513756,0.022807442,0.029447583,0.005585124,0.000291342,0.775799135,0.628975215
17,93,0.089995679,0.022646173,0.033677439,0.000224226,1.317267622,1.846918676,0.002218451,5.52E-05,0.000473385,0.022646173,0.028204598,0.005296155,0.00026199,0.754987755,0.718735877
17,93,0.090871167,0.022575215,0.038782445,0.00034733,1.442925494,1.998569033,0.002302806,6.14E-05,0.00043984,0.022575215,0.028823365,0.005852896,0.000236261,0.797761636,0.630268562
17,94,0.087257125,0.022160932,0.034810529,0.000198417,1.290849015,1.880209767,0.002279411,5.61E-05,0.000476799,0.022160932,0.026245176,0.005105445,0.000297869,0.761488956,0.689405915
17,94,0.09046531,0.004621455,0.009981576,0.000327554,0.436901409,1.474800011,0.001048932,5.89E-05,0.000415127,0.004621455,0.029635959,0.005583173,0.000278843,0.81526994,0.585555138
17,94,0.087797625,0.004359952,0.009390365,0.000230256,0.293640576,1.411176339,0.000994158,5.59E-05,0.000447073,0.004359952,0.028811408,0.005281605,0.000259049,0.737009235,0.624077757
19,84,0.051838025,0.000592243,0.004511776,0.000178197,0.295491911,1.036480736,0.001155567,3.49E-05,0.000237723,0.000592243,0.026025541,0.007050611,0.000412025,0.31174882,0.4737773
19,84,0.041431664,0.004196994,0.009385883,0.000165271,0.236761704,1.405352226,0.001007808,5.59E-05,0.000223752,0.004196994,0.021202567,0.006431912,0.000395723,0.794566055,0.256523568
19,84,0.084232632,0.000471453,0.003028797,3.69E-05,0.249292242,0.982300777,0.000945736,2.63E-05,4.91E-05,0.000471453,0.035915001,0.010150468,0.000334337,0.274534505,0.173406539
19,84,0.040254642,0.00447172,0.009081541,0.000192587,0.326266929,1.313296532,0.00096577,5.27E-05,0.000227174,0.00447172,0.02433007,0.006644754,0.000364501,0.740307503,0.485795072
19,85,0.08169403,0.004533895,0.009755173,3.76E-05,0.443363447,1.378690234,0.000916726,5.79E-05,4.74E-05,0.004533895,0.033795779,0.010117182,0.000302275,0.772903323,0.131014654
19,85,0.036637608,0.000445928,0.002219057,0.00015835,0.213889532,0.986971274,0.00090068,2.43E-05,0.000240936,0.000445928,0.021894619,0.006409321,0.000352184,0.291067403,0.062637896
19,85,0.051613626,0.004346149,0.009657666,0.000176953,0.24124687,1.42816126,0.000916489,5.71E-05,0.000246162,0.004346149,0.020454125,0.006685247,0.000406067,0.751817746,0.134058097
19,85,0.073373661,0.000514148,0.003845419,2.47E-05,0.292379765,1.024122859,0.000965757,3.16E-05,6.33E-05,0.000514148,0.032733589,0.009432546,0.000306431,0.30838763,0.100743091
19,85,0.036697236,0.004395323,0.010094832,0.000162537,0.240622024,1.431145411,0.00092775,6.10E-05,0.000222718,0.004395323,0.021936488,0.006913319,0.000346866,0.814578442,0.835722202
19,85,0.084797654,0.00418008,0.009140871,3.41E-05,0.32028798,1.366033905,0.000932964,5.21E-05,5.28E-05,0.00418008,0.034856673,0.009787582,0.000366594,0.709224866,0.162829971
19,86,0.045714832,0.000417507,0.001392416,0.000168866,0.204032132,0.892117565,0.000533181,1.44E-05,0.000211454,0.000417507,0.027006572,0.007885293,0.000390509,0.250847021,0.430419548
19,86,0.038538017,0.000417507,0.001392416,0.000161604,0.204032132,0.892117565,0.000533181,1.44E-05,0.000215891,0.000417507,0.021949988,0.006606732,0.000348012,0.250847021,1.102570913
19,86,0.065653102,0.000417507,0.001392416,2.81E-05,0.204032132,0.892117565,0.000533181,1.44E-05,5.15E-05,0.000417507,0.030159069,0.008382403,0.000152052,0.250847021,0.01576572
19,86,0.069026066,0.00045094,0.002160561,6.35E-08,0.207098564,1.038339721,0.000851816,2.19E-05,4.06E-05,0.00045094,0.030515256,0.008758863,0.000217903,0.309867176,0.05525424
19,86,0.031503613,0.004382139,0.009090216,0.00015253,0.209300965,1.369965035,0.000853141,5.36E-05,0.000236014,0.004382139,0.02229761,0.006252349,0.0004206,0.714323566,0.237525526
19,86,0.063617722,0.000415847,0.001539666,2.60E-05,0.191414946,0.898704635,0.000544771,1.53E-05,4.53E-05,0.000415847,0.032936187,0.008981319,0.000145708,0.253222902,0.037178086
19,87,0.053972393,0.004390677,0.009327941,0.000166549,0.521794814,1.427482945,0.000957864,5.63E-05,0.000273566,0.004390677,0.023870281,0.007225585,0.000372969,0.781790282,1.070579812
19,87,0.062666821,0.000441383,0.001212121,3.81E-05,0.192468981,0.916381223,0.000406171,1.26E-05,5.43E-05,0.000441383,0.026275828,0.006805502,0.000124363,0.243595142,0.002920047
19,87,0.038743504,0.004001612,0.008315216,0.000142894,0.344770106,1.381517429,0.000849241,4.98E-05,0.00020955,0.004001612,0.022340081,0.006569494,0.000343515,0.702522244,1.274931124
19,87,0.072134389,0.000443341,0.001612987,2.97E-05,0.234143748,0.97129765,0.000523097,1.49E-05,4.12E-05,0.000443341,0.028673511,0.007411704,0.000181949,0.258885652,0.005239499
19,87,0.045370242,0.004191754,0.008804693,0.000140315,0.473397805,1.414820943,0.000923723,5.29E-05,0.000216943,0.004191754,0.022338004,0.007020822,0.000373205,0.750904195,0.065065685
19,87,0.062898461,0.000442888,0.001283228,3.58E-05,0.217971218,0.956940399,0.000351708,1.24E-05,5.06E-05,0.000442888,0.025235702,0.006476717,0.000105508,0.251235023,0.001332747
19,88,0.051981684,0.000455114,0.00133618,2.25E-05,0.178438389,1.02252302,0.000405273,1.39E-05,4.49E-05,0.000455114,0.025047832,0.006401427,0.000124645,0.285574108,0.000781158
19,88,0.04380679,0.004224804,0.009826903,0.000163793,0.330236414,1.553470328,0.00105021,6.09E-05,0.000234508,0.004224804,0.027864696,0.00857222,0.000426944,0.846580054,0.024599898
19,88,0.053102964,0.000510954,0.001305535,2.31E-05,0.174866175,0.910266827,0.000371907,1.13E-05,6.10E-05,0.000510954,0.026114113,0.006131704,0.000112874,0.230978788,0.05792872
19,88,0.053102964,0.000510954,0.001305535,2.31E-05,0.174866175,0.910266827,0.000371907,1.13E-05,6.10E-05,0.000510954,0.026114113,0.006131704,0.000112874,0.230978788,0.018686177
19,88,0.053102964,0.000510954,0.001305535,2.31E-05,0.174866175,0.910266827,0.000371907,1.13E-05,6.10E-05,0.000510954,0.026114113,0.006131704,0.000112874,0.230978788,2.9930589
19,88,0.053102964,0.000510954,0.001305535,2.31E-05,0.174866175,0.910266827,0.000371907,1.13E-05,6.10E-05,0.000510954,0.026114113,0.006131704,0.000112874,0.230978788,2.407950096
19,88,0.05411673,0.00047056,0.001242942,2.94E-05,0.179348066,0.896950048,0.000358971,1.06E-05,5.33E-05,0.00047056,0.023774079,0.006069754,0.000122381,0.216151958,0.020752529
19,88,0.033396844,0.003865567,0.008315177,0.000141416,0.32439109,1.348936648,0.000851295,4.95E-05,0.0002161,0.003865567,0.022258456,0.006315093,0.000297844,0.696897647,1.094531071
19,88,0.034697269,0.004017679,0.008466904,0.000138541,0.324779076,1.401947754,0.000872988,4.88E-05,0.000214503,0.004017679,0.022263757,0.006177203,0.000344223,0.695303561,1.103278286
19,89,0.028251051,0.003747107,0.00738959,0.000116427,0.324318211,1.329445851,0.000776433,4.28E-05,0.000196704,0.003747107,0.019335533,0.005921675,0.000298558,0.682788226,2.573923971
19,89,0.069676841,0.000531192,0.001360993,2.87E-05,0.233270038,0.93683985,0.000304101,1.16E-05,6.50E-05,0.000531192,0.021904688,0.006125237,0.000113787,0.232660271,0.407096307
19,89,0.029448097,0.003849409,0.007663239,0.000142663,0.268709274,1.356048861,0.000765371,4.49E-05,0.000197603,0.003849409,0.020689307,0.00599354,0.000295616,0.666520704,0.591242566
19,89,0.053298651,0.004049147,0.007643396,0.000140863,0.575641497,1.34903563,0.000787174,4.42E-05,0.000216083,0.004049147,0.021245047,0.005990869,0.000300341,0.706942394,0.570743644
19,89,0.055439059,0.000509097,0.001323429,2.84E-05,0.189553511,0.953167117,0.000322521,1.20E-05,6.64E-05,0.000509097,0.024777033,0.005990377,0.000131542,0.23848768,0.879668978
19,89,0.057283,0.000554112,0.001419823,2.63E-05,0.186935356,0.950758531,0.000296103,1.20E-05,5.78E-05,0.000554112,0.022166066,0.005887796,0.000104721,0.243595607,3.373872662
19,90,0.048499735,0.000622099,0.001631034,2.59E-05,0.155902238,0.984169559,0.000256104,1.29E-05,5.98E-05,0.000622099,0.020699012,0.00579755,0.000139346,0.251687728,0.365189706
19,90,0.051161222,0.004382392,0.009145664,0.000146538,0.435178692,1.573810521,0.001220666,5.58E-05,0.000199422,0.004382392,0.022441375,0.007879502,0.000323958,0.828992401,2.414664954
19,90,0.025937762,0.003572341,0.00707714,0.000108631,0.215449482,1.326342574,0.000821455,4.05E-05,0.000187489,0.003572341,0.018045602,0.005692961,0.000227542,0.62790386,0.715830973
19,90,0.0623438,0.000635157,0.001812969,2.87E-05,0.216461357,1.166018587,0.000396349,1.75E-05,5.04E-05,0.000635157,0.023005053,0.006301022,0.000121181,0.362438682,2.911951354
19,90,0.026690818,0.003630678,0.007067702,0.000106578,0.175148034,1.318982676,0.000709496,4.01E-05,0.000197402,0.003630678,0.018938185,0.005865197,0.000276467,0.634889966,0.653851296
19,91,0.043438812,0.000768603,0.002200059,3.95E-05,0.138578552,0.944944998,0.000302338,1.49E-05,8.87E-05,0.000768603,0.021550054,0.004938488,0.000159085,0.246722926,0.177396163
19,91,0.025413603,0.003298423,0.00662263,0.000108582,0.16917262,1.379746465,0.000686391,3.89E-05,0.000181011,0.003298423,0.019235146,0.0053961,0.00025153,0.616759543,0.54221525
19,91,0.042082888,0.00079268,0.002290687,3.72E-05,0.110918961,0.940093581,0.000336138,1.48E-05,9.15E-05,0.00079268,0.019555366,0.004534201,0.000167071,0.233181038,0.18619881
19,91,0.03106869,0.003734519,0.007441021,0.00011314,0.317292043,1.441854787,0.000885428,4.47E-05,0.000194575,0.003734519,0.020110309,0.006052222,0.000282952,0.682545185,0.448978857
19,91,0.027017582,0.003771837,0.007159526,0.000127651,0.228540248,1.363482342,0.00082224,4.45E-05,0.000181614,0.003771837,0.019601138,0.005706849,0.00026848,0.656125498,0.453485899
19,91,0.05927394,0.00081771,0.00234853,4.86E-05,0.16803871,1.011685882,0.000346395,1.68E-05,0.000259577,0.00081771,0.021761361,0.004976777,0.000146273,0.275712437,0.043063714
19,92,0.04857513,0.000839021,0.00245616,4.78E-05,0.158754977,0.971895089,0.000302588,0.000015665,6.50E-05,0.000839021,0.019282674,0.004489183,0.000168428,0.256569905,0.168228539
19,92,0.038876871,0.000917509,0.002376791,3.82E-05,0.11706297,0.950005526,0.000284289,1.57E-05,7.20E-05,0.000917509,0.020577227,0.00466686,0.00015158,0.248010575,0.162527722
19,92,0.025454448,0.003572198,0.006879903,0.000106322,0.238984316,1.3873008,0.000753579,4.03E-05,0.000186832,0.003572198,0.018089962,0.005233001,0.000236584,0.636413107,0.467586955
19,92,0.047814509,0.000969904,0.002752542,4.03E-05,0.204272896,1.088098696,0.000365995,1.84E-05,8.73E-05,0.000969904,0.019888303,0.004549762,0.000153394,0.336015815,0.150107647
19,92,0.022997398,0.003329751,0.006193568,0.000102298,0.153978471,1.335854252,0.000710589,3.74E-05,0.000165678,0.003329751,0.01852268,0.005508283,0.000247189,0.59378325,0.474024215
19,92,0.025255093,0.003321265,0.006249283,9.76E-05,0.286886984,1.347149312,0.000620921,3.76E-05,0.000201694,0.003321265,0.018567115,0.00518474,0.000234688,0.609303362,0.461641082
19,93,0.045713951,0.001157927,0.003124934,5.07E-05,0.181770047,1.180413503,0.00039371,2.18E-05,8.17E-05,0.001157927,0.022472015,0.005222714,0.000171304,0.394334436,0.167229735
19,93,0.035510951,0.003674338,0.007657431,0.000110408,0.280522658,1.52231284,0.000831084,4.76E-05,0.000171415,0.003674338,0.02000592,0.007357892,0.000316066,0.739721641,0.372554029
19,93,0.019441002,0.003207472,0.006164361,8.12E-05,0.062243965,1.353805343,0.00060978,3.63E-05,0.000164519,0.003207472,0.018232021,0.005027578,0.000196443,0.57836656,0.430194593
19,93,0.052220222,0.001095202,0.00327037,4.58E-05,0.23456232,1.298917603,0.000440213,2.47E-05,7.82E-05,0.001095202,0.022270236,0.005472309,0.000185418,0.466398421,0.125949923
19,93,0.023636827,0.003316158,0.006354741,8.46E-05,0.161628333,1.369112188,0.000643037,3.74E-05,0.000179559,0.003316158,0.017854395,0.00585713,0.000249583,0.646547082,0.411374396
19,93,0.037721317,0.001152355,0.002954564,5.59E-05,0.111766095,1.064728154,0.000324666,1.94E-05,9.34E-05,0.001152355,0.021408211,0.005423806,0.000205987,0.352272135,0.194747271
19,94,0.03911808,0.001492176,0.003485356,5.70E-05,0.117767653,1.092536631,0.000336348,2.15E-05,0.000112962,0.001492176,0.023041787,0.005163737,0.000196897,0.389996459,0.197979709
19,94,0.018983142,0.002944842,0.005136769,8.44E-05,0.07901309,1.263573943,0.000523843,3.17E-05,0.000162629,0.002944842,0.016038264,0.003959236,0.000185355,0.537950577,0.41597545
19,94,0.028532475,0.003304975,0.006452348,9.47E-05,0.228397019,1.441953888,0.000618033,3.97E-05,0.000153467,0.003304975,0.017530692,0.006113175,0.000209376,0.66008515,0.68860578
19,94,0.043502673,0.001355954,0.003488345,6.49E-05,0.137822757,1.063858603,0.000348571,2.11E-05,0.000114901,0.001355954,0.021469562,0.004917551,0.000184934,0.374837302,0.173846483
19,94,0.050152846,0.001477116,0.003809352,6.42E-05,0.228507479,1.244592343,0.000396225,2.47E-05,0.0001095,0.001477116,0.02302256,0.005340298,0.000210754,0.46603683,0.681963453
19,94,0.017564194,0.00269288,0.00484909,6.31E-05,0.044800162,1.292683494,0.000459434,3.07E-05,0.000152406,0.00269288,0.015340061,0.003983608,0.000162097,0.493269165,0.450966964
