Coffee/WaterRatio,Temperature,L-Malic acid,Trigonelline,Pyrogallol,Cinnamic acid,Citric acid,Quinic acid,Fructose,Glucose,Ferulic acid,Caffeic acid,Sucrose,Lactose,Maltose,CGA(Bitterness),Caffeine,CGA(Acidity)
10,84,1.218062436,0.117498279,0.026909677,0.021224563,5.505313252,2.13442799,0.002531797,0.000411576,0.0302074,48.95761632,0.096210327,0.318847793,0.000105933,22.0899952,663.0181471,61.02208618
10,84,1.354976309,0.118726221,0.024128018,0.022169063,7.048477126,1.934269402,0.002220507,0.000376513,0.03270235,49.46925868,0.092228416,0.291682414,0.000108126,21.00384659,663.4104632,58.02167566
10,84,1.360655945,0.115358517,0.022947776,0.022581125,7.630087724,1.985798688,0.001942736,0.000336294,0.03270855,48.06604861,0.088261322,0.301233552,0.000110036,20.12899896,1066.721663,55.6049695
10,85,1.266154891,0.103339575,0.021212736,0.019879438,6.049465504,2.078251048,0.001768052,0.000326204,0.0294958,43.05815625,0.087916708,0.289151828,9.30E-05,19.93976539,1004.36054,55.08222484
10,85,1.401263382,0.094928213,0.019310326,0.020043563,6.169485772,1.889557851,0.001460982,0.000270343,0.0306527,39.55342188,0.08170969,0.261880828,9.53E-05,17.99707298,1089.215498,49.71567122
10,85,0.061427473,0.091491758,0.022775983,0.014021125,0.007096071,1.859713498,0.000428147,0.000340786,0.0163757,38.12156597,0.07919939,0.332621724,5.48E-05,2.593084941,765.1169644,7.16321807
10,86,1.319496273,0.086056,0.016583854,0.0155525,5.441257496,1.901653371,0.001075813,0.000220827,0.0242207,35.85666667,0.076422847,0.263370966,6.90E-05,19.88868875,789.907623,54.94112913
10,86,1.221027236,0.11533945,0.021242214,0.016485375,8.074110732,2.289183788,0.00089695,0.000305511,0.02955885,48.05810417,0.084213957,0.322060897,6.94E-05,27.06951241,53.70903011,74.7776586
10,86,1.265553836,0.134965258,0.020519247,0.016580063,3.95363574,2.316816258,0.001165762,0.000302109,0.03642425,56.23552431,0.082191596,0.305433138,9.68E-05,22.39805653,868.4581891,61.87308434
10,87,1.184308855,0.077670413,0.016446047,0.013975063,3.15973637,2.159361507,0.000861117,0.000240514,0.0208812,32.36267188,0.082082602,0.305761276,6.45E-05,21.51440857,832.7092197,59.43206787
10,87,1.223857727,0.0707663,0.015041546,0.01333325,4.248072795,2.063542904,0.000851196,0.000212481,0.01856235,29.48595833,0.077301384,0.302180172,8.05E-05,21.11179059,622.904062,58.3198635
10,87,1.228879618,0.058605717,0.014285544,0.012524563,4.025258488,2.23900687,0.000672693,0.000190929,0.0171136,24.41904861,0.081478382,0.319401828,6.24E-05,21.95607714,594.3188419,60.65214679
10,88,1.158854218,0.033925858,0.008005649,0.009112438,4.583300181,1.935803524,0.000415403,0.000100857,0.01286085,14.13577431,0.048768331,0.233388414,5.38E-05,16.06058957,461.111326,44.36626953
10,88,1.068574873,0.038015079,0.00960135,0.01038275,3.392902339,2.090227609,0.000527119,0.000124714,0.01244895,15.83961632,0.056462516,0.271563,6.01E-05,18.73514161,681.7832209,51.75453483
10,88,1.117203764,0.041244021,0.009303587,0.008832625,4.287661661,2.126286296,0.000495339,0.000114571,0.013823,17.18500868,0.073046647,0.259643586,5.76E-05,19.70593227,563.8290822,54.436277
10,89,1.094675055,0.030001517,0.007279027,0.008321375,4.854399567,2.084000031,0.000353444,9.50E-05,0.0108015,12.50063194,0.04599911,0.256796724,6.21E-05,18.51448204,420.2034627,51.14497801
10,89,1.050393582,0.02758195,0.006602688,0.008158063,4.357905913,1.987976953,0.000337642,8.40E-05,0.0099565,11.49247917,0.067151441,0.274367,7.56E-05,18.44688433,335.3848552,50.95824401
10,89,0.001818182,0.025458825,0.006114378,0.007570125,6.944397276,2.028365442,0.000394817,7.47E-05,0.00912475,10.60784375,0.053616361,0.284004276,4.95E-05,17.741959,83.17364939,49.01093646
10,90,1.183752564,0.017774358,0.004271853,0.006596688,5.788216228,1.789797511,0.000288767,4.87E-05,0.00873925,7.405982639,0.030222386,0.235717862,5.76E-05,17.15478304,300.5373263,47.38890342
10,90,0.715189236,0.022440292,0.006293583,0.00624375,0.162306102,2.38443729,0.000326673,8.49E-05,0.0061849,9.350121528,0.066958571,0.373895828,4.65E-05,21.25575404,232.1061364,58.71755259
10,90,0.947517127,0.018976446,0.004806439,0.006762688,3.15769426,1.903376623,0.000363129,5.94E-05,0.0079675,7.906852431,0.036063269,0.246619862,5.94E-05,17.6346082,278.0747293,48.71438728
10,91,0.712392255,0.017341671,0.00474269,0.0040875,0.236338346,2.30482097,0.000258162,5.47E-05,0.0056653,7.225696181,0.071656114,0.338643,4.07E-05,21.39781398,125.9382513,59.10998337
10,91,0.618540836,0.014233271,0.004014104,0.00429375,0.514775984,2.255294561,0.000310646,4.54E-05,0.004875,5.930529514,0.064652888,0.314762345,4.96E-05,18.9055919,165.6158367,52.22539199
10,91,0.703694418,0.016110342,0.00476579,0.00516875,1.090306858,2.091581556,0.000227838,5.54E-05,0.0056276,6.712642361,0.06084758,0.325468517,4.54E-05,19.3921559,161.1228952,53.56949144
10,92,0.397012909,0.011002229,0.003059968,0.0039,0.173073276,1.955075696,0.000170134,3.37E-05,0.00413,4.584262153,0.038120535,0.318450483,4.66E-05,16.97117959,128.047652,46.88171157
10,92,0.572200891,0.011566296,0.003049998,0.00375,1.510197724,1.937085843,0.000204897,3.40E-05,0.0051133,4.819289931,0.037225247,0.274806414,4.94E-05,15.89794535,174.6607383,43.91697611
10,92,0.393088309,0.014547458,0.003958073,0.00315,0.05602711,2.243960926,0.000202037,4.64E-05,0.004355,6.061440972,0.06962158,0.344757586,3.45E-05,19.82293425,155.7292545,54.75948689
10,93,0.192338182,0.008149825,0.002434301,0.0028375,0.030024874,2.186980868,0.000145249,2.99E-05,0.002885,3.395760417,0.050919833,0.458095793,3.90E-05,15.69180827,133.7057499,43.34753667
10,93,0.143987964,0.007979083,0.002247025,0.00306875,0.119520346,1.931238563,0.000131102,2.70E-05,0.00326,3.324618056,0.016941282,0.294245379,3.39E-05,14.12800761,162.0684844,39.02764533
10,93,0.982796909,0.11190555,0.049909086,0.018789,1.566640898,2.299217317,0.00337147,0.000524181,0.0132878,46.6273125,0.059448684,0.194388931,0.000149496,21.91032747,165.4972887,60.52576649
10,93,0.9154278,0.117012796,0.053670998,0.0185105,0.297006031,2.51404962,0.003438866,0.000576674,0.0128704,48.7553316,0.059131482,0.215538103,0.00012085,25.01170471,145.3150463,69.09310692
10,93,0.828167327,0.010580217,0.002993078,0.00358125,3.236647819,2.329116449,0.000153016,3.53E-05,0.00396,4.408423611,0.05359799,0.328307966,4.16E-05,18.18949802,69.07322814,50.2472321
10,94,0.253714436,0.133038558,0.073687873,0.014413313,0.001025685,2.346516774,0.006586912,0.00068675,0.0120952,55.43273264,0.066194831,0.223379345,9.40E-05,14.47548533,24.88107412,39.98752855
10,94,0.190528509,0.008314925,0.00202927,0.0028875,0.144802024,1.936482011,0.000130203,2.44E-05,0.003885,3.464552083,0.016623078,0.301325207,3.44E-05,13.92246265,122.3764548,38.45984157
10,94,0.267406673,0.007882021,0.002121734,0.00310625,0.087256378,2.037342841,0.000135157,2.61E-05,0.00314,3.284175347,0.030272904,0.404610828,3.65E-05,15.84332576,119.9002606,43.76609327
10,94,1.138377836,0.115421583,0.044862347,0.017879812,2.444109976,2.421261875,0.003354033,0.000483223,0.01688135,48.09232639,0.060675784,0.185923862,0.000167522,23.84943329,829.254599,65.88241241
10,94,1.047072018,0.114846313,0.049723087,0.017941688,1.26392726,2.510144929,0.003634703,0.000534937,0.01631415,47.85263021,0.056324818,0.183993483,0.000155424,27.03266112,827.8471642,74.67585944
12,84,1.850925964,0.020154929,0.010595054,0.01533125,3.737235764,1.57370821,0.001560079,0.000140429,0.01298325,8.397887153,0.103243051,0.481104207,0.000324433,22.96677959,1463.503687,63.44414251
12,84,2.127335945,0.019755067,0.009174714,0.015639625,7.123363323,1.461893935,0.001377801,0.000119857,0.01156035,8.231277778,0.098006812,0.429095276,0.00036539,21.71972724,1344.306188,59.99924651
12,84,1.846662455,0.023254746,0.00965879,0.012242563,2.512447213,1.546660132,0.00160713,0.000134429,0.01156705,9.689477431,0.106743549,0.512903172,0.000367059,22.67629484,1259.410104,62.64169846
12,84,0.129841382,0.000477233,7.68E-05,0.00027,0.09892148,0.739003646,2.60E-05,2.59E-06,0.00103,0.198847222,0.009452961,0.06725831,1.08E-05,3.028474961,8.326340475,8.36595293
12,84,0.280364764,0.000489613,6.80E-05,0.000400625,0.28805348,0.640831539,2.40E-05,2.41E-06,0.001315,0.204005208,0.010344104,0.065394966,1.33E-05,2.523667176,9.586149392,6.971456289
12,85,0.172873418,0.000444683,5.69E-05,0.00023625,0.198196031,0.650257252,2.39E-05,2.19E-06,0.00145,0.185284722,0.008793506,0.06275069,1.45E-05,2.240828824,9.716501158,6.190134872
12,85,2.112188255,0.021018929,0.01086372,0.016516,5.947841827,1.583246909,0.001592176,0.0001485,0.0129022,8.757887153,0.11050528,0.510656172,0.000309896,23.09911175,1332.796096,63.80970095
12,85,0.225661891,0.000444321,5.32E-05,0.0002775,0.273522685,0.653022803,2.16E-05,1.93E-06,0.001005,0.185133681,0.007765273,0.051782966,9.50E-06,2.384568647,9.178946149,6.587206207
12,85,2.149159509,0.021241617,0.010210713,0.017256438,7.615072874,1.47608729,0.001583977,0.000137286,0.0123333,8.850673611,0.099005896,0.467536931,0.000378535,22.26539465,1643.103673,61.50661505
12,85,2.024354709,0.021000321,0.010592762,0.016566375,6.653716669,1.528698142,0.00163497,0.000139857,0.01232525,8.750133681,0.101134784,0.437288448,0.000326467,22.25453112,1445.941267,61.4766053
12,85,0.173903218,0.000474875,6.44E-05,0.000190625,0.234299614,0.756624749,2.41E-05,2.56E-06,0.0008,0.197864583,0.010154088,0.058282483,6.32E-06,3.139307098,7.074490446,8.672119055
12,86,0.176876,0.000367083,4.23E-05,0.000175,0.075698173,0.723377125,1.14E-05,1.80E-06,0.00104,0.152951389,0.00703679,0.045015621,9.27E-07,2.162029529,7.222659236,5.972457264
12,86,0.590808527,0.014863567,0.00368372,0.00600625,1.531439118,1.388039728,0.000314669,5.46E-05,0.00737585,6.193152778,0.069296137,0.291391345,0.000127815,10.13530545,860.5950101,27.99808136
12,86,0.199661945,0.00034625,4.97E-05,4.59E-05,0.183785197,0.682388851,9.91E-06,1.79E-06,0.00115,0.144270833,0.007725229,0.042794828,8.50E-06,2.444801569,734.5461552,6.753595493
12,86,0.110153564,0.000400417,5.25E-05,0.000248125,0.143653654,0.712658226,1.44E-05,2.24E-06,0.000855,0.166840278,0.009289635,0.057320483,1.13E-05,2.477468353,7.357637522,6.843835229
12,86,0.473887873,0.013123579,0.003310714,0.0051,0.514188252,1.376823937,0.000274253,4.73E-05,0.00597345,5.468157986,0.06532589,0.29181431,0.000111535,9.002367314,1979.344456,24.86841799
12,86,1.850473527,0.022891492,0.011035108,0.01756725,5.06320974,1.577681225,0.00151754,0.000147431,0.01305515,9.538121528,0.105753022,0.513459966,0.000319073,22.24859525,1392.256532,61.46020789
12,87,0.0187896,0.000383333,6.01E-05,4.53E-05,2.87E-05,1.128227767,7.24E-06,2.54E-06,0.000515,0.159722222,0.009632302,0.134354517,3.22E-06,3.790789804,2.596017661,10.47179504
12,87,0.224751418,0.000345,3.89E-05,0.000209375,0.17945485,0.784360792,1.13E-05,1.63E-06,0.001055,0.14375,0.00812929,0.042870793,2.95E-06,2.811384196,8.335534163,7.766254685
12,87,0.197910473,0.00040625,3.68E-05,2.94E-05,0.091183441,0.719860297,1.00E-05,1.47E-06,0.001045,0.169270833,0.008270427,0.053857517,8.62E-06,2.575800451,6.488107991,7.115470859
12,87,0.090573836,0.01409,0.004889962,0.0029125,0.000462992,1.755460728,0.000228101,4.47E-05,0.00316,5.870833333,0.069906596,0.334829828,2.28E-05,8.953020863,160.7638911,24.73210183
12,87,0.750283818,0.016262492,0.002475134,0.0037875,1.855434039,1.415180409,0.000146597,4.24E-05,0.00729025,6.776038194,0.05885702,0.299529207,2.26E-05,11.74035555,540.7985003,32.43192141
12,87,0.621326509,0.013819767,0.002586309,0.00460625,0.726893937,1.350836125,0.000163456,4.00E-05,0.0088664,5.758236111,0.061852149,0.288197621,2.30E-05,10.65180004,268.0694065,29.42486199
12,88,0.692114909,0.011117542,0.001656072,0.00315625,1.980316882,1.314568107,0.000127303,2.83E-05,0.0065566,4.632309028,0.042560994,0.249043759,8.12E-05,9.078191392,181.0224001,25.07787677
12,88,0.247657164,0.0002825,2.93E-05,0.000241875,0.24302148,0.67843166,8.88E-06,1.31E-06,0.0012,0.117708333,0.006362569,0.039107931,9.27E-06,1.946856549,6.332799653,5.378056765
12,88,0.472243455,0.0138091,0.002153862,0.003575,0.366881157,1.42893103,0.00016073,3.94E-05,0.00693905,5.753791667,0.059731753,0.292684069,4.36E-05,10.34100992,184.5455819,28.56632575
12,88,0.565164055,0.012429829,0.001884677,0.0036875,0.97409615,1.338610948,0.000140078,3.37E-05,0.00667795,5.179095486,0.049312753,0.268618069,3.02E-05,8.915772588,198.1868269,24.62920604
12,88,0.171441273,0.000339167,3.78E-05,0.00015375,0.063532575,0.818384903,1.42E-05,1.63E-06,0.000875,0.141319444,0.007669206,0.039250103,7.08E-06,2.682582098,4.113561089,7.410447785
12,88,0.124430255,0.000307083,9.63E-05,0.00032375,0.092282339,0.660291392,1.16E-05,1.40E-06,0.00124,0.127951389,0.006692112,0.036627966,5.22E-06,1.804332196,6.551243486,4.984343083
12,89,0.457738909,0.009580492,0.001481627,0.00270625,1.206651024,1.357264934,0.000115756,2.79E-05,0.00590345,3.991871528,0.047222929,0.278199069,7.32E-05,9.463302843,138.0288752,26.14172056
12,89,0.545517745,0.008684892,0.001358417,0.00263125,1.329157425,1.294828639,9.17E-05,2.41E-05,0.00532015,3.618704861,0.0428342,0.248528586,6.51E-05,8.502319451,110.6106731,23.48707031
12,89,0.476593909,0.007822167,0.00124831,0.0025,0.970686402,1.341691463,0.000101333,2.23E-05,0.00495,3.259236111,0.03211898,0.237291897,6.73E-05,8.288917451,1067.350197,22.89756202
12,89,0.128224382,0.000222083,7.92E-05,0.000318125,0.146924213,0.698589403,1.84E-05,1.14E-06,0.00075,0.092534722,0.005436698,0.031144931,3.90E-06,2.151230725,853.6384004,5.942626314
12,89,0.214104345,0.000282917,3.05E-05,0.00019875,0.196529307,0.691719657,1.07E-05,1.24E-06,0.000815,0.117881944,0.006492643,0.038601966,6.02E-06,2.156780333,4.905370585,5.957956722
12,89,0.187804491,0.000292083,2.66E-05,0.000146875,0.186617858,0.701214709,9.84E-06,1.37E-06,0.000905,0.121701389,0.006601851,0.041419345,5.04E-06,2.078911039,5.167227852,5.742848175
12,90,0.089729927,0.00020375,7.34E-05,0.00045625,0.064611079,0.679315657,7.37E-06,1.09E-06,0.00056,0.084895833,0.004020214,0.033751069,6.08E-06,1.767431176,4.536111754,4.882406565
12,90,0.077989218,0.000195833,6.42E-05,0.00020875,0.047897811,0.625293739,9.04E-06,1.03E-06,0.000655,0.081597222,0.004344598,0.028642379,8.56E-06,1.347389255,4.836544586,3.722069765
12,90,0.084275873,0.000202917,6.78E-05,0.0009625,0.086402835,0.66222554,5.97E-06,1.04E-06,0.000795,0.084548611,0.004233963,0.031970897,1.05E-05,1.493452118,4.151469311,4.125558336
12,90,0.399933582,0.006847813,0.00112512,0.00234375,0.503383402,1.283716518,8.56E-05,2.16E-05,0.004425,2.853255208,0.025720339,0.265532828,5.06E-05,7.97764049,99.65403301,22.03768091
12,90,0.246882036,0.006262733,0.000996465,0.00218125,0.327906276,1.311213072,8.69E-05,1.87E-05,0.0038,2.609472222,0.012799916,0.252479517,4.20E-05,7.471856255,94.27310365,20.64048689
12,90,0.189915727,0.00569515,0.000915279,0.0013,0.416085417,1.231385926,6.92E-05,1.83E-05,0.003425,2.372979167,0.016782584,0.228130517,5.57E-05,7.022185196,90.91214389,19.39830165
12,91,0.079488418,0.003475613,0.000479491,0.000925,0.246459622,1.181713448,4.81E-05,8.97E-06,0.00205,1.448171875,0.011479294,0.188420172,7.20E-06,6.363161431,82.25758686,17.57779401
12,91,0.069595909,0.000367083,6.17E-05,0.0001575,0.029576236,0.692477354,8.31E-06,1.06E-06,0.001795,0.152951389,0.004499882,0.036727,8.85E-06,1.651759882,3.996740012,4.562872603
12,91,0.201267127,0.005112267,0.000875873,0.0012375,0.083389409,1.35420912,7.16E-05,1.66E-05,0.00317,2.130111111,0.022178118,0.248397483,3.49E-05,7.920651784,77.19394615,21.88025355
12,91,0.090183055,0.000365833,5.39E-05,0.000415,0.074082165,0.598942643,5.21E-06,9.49E-07,0.001965,0.152430556,0.003902449,0.030717655,0.00010571,1.304659804,4.544092357,3.604032608
12,92,0.060373891,0.003452333,0.000516088,0.00084375,0.009559748,1.49821911,5.50E-05,1.06E-05,0.001875,1.438472222,0.026202716,0.287322655,1.42E-05,8.908898765,39.93518964,24.61021758
12,92,0.082519455,0.000330833,4.92E-05,0.000349375,0.030694559,0.641479471,4.93E-06,1.79E-06,0.00133,0.137847222,0.004618714,0.035323931,9.56E-06,1.388105608,4.880904748,3.834545878
12,92,0.065438527,0.00036,6.48E-05,0.0001175,0.003600614,0.870732166,4.06E-06,1.19E-06,0.001385,0.15,0.003947827,0.03556731,3.81E-06,2.408580059,2.350117255,6.653536074
12,92,0.117666891,0.002093567,0.000356353,0.00129375,0.209442693,1.176409871,3.87E-05,6.14E-06,0.001815,0.872319444,0.008086651,0.126632552,1.11E-05,5.818408098,52.91526057,16.07295055
12,92,0.094393073,0.00259735,0.000391655,0.00085,0.055186827,1.267027204,5.02E-05,7.67E-06,0.00189,1.082229167,0.007801816,0.215327414,1.94E-05,6.695587275,55.29256369,18.49609744
12,92,0.097521109,0.000330417,4.65E-05,0.00060125,0.046919811,0.579303151,3.98E-06,1.67E-06,0.001965,0.137673611,0.004607829,0.025228862,8.56E-06,1.031642118,5.527075854,2.849840104
12,93,0.114756018,0.00024375,4.05E-05,0.00028375,0.066622346,0.586874254,3.74E-06,1.26E-06,0.001945,0.1015625,0.00441899,0.02206969,1.27E-05,1.041956,6.591556167,2.878331492
12,93,0.063184291,0.002039142,0.000341561,0.0009375,0.182563606,1.169914215,3.62E-05,5.80E-06,0.0018,0.849642361,0.007636649,0.125853793,1.26E-05,5.893835569,1751.097622,16.28131373
12,93,0.077674018,0.000239583,4.93E-05,0.00052625,0.030220386,0.62518753,5.86E-06,1.34E-06,0.001945,0.099826389,0.003497855,0.025548828,1.52E-05,1.228409412,4.448642154,3.393396165
12,93,0.071096182,0.001876021,0.000294886,0.001075,0.496927354,1.187653015,4.33E-05,5.23E-06,0.00184,0.781675347,0.007763688,0.122623828,1.25E-05,5.826996863,48.79003764,16.09667642
12,93,0.088239745,0.00028,4.68E-05,0.000194375,0.038090866,0.609717652,2.22E-06,1.53E-06,0.00239,0.116666667,0.003942729,0.026345414,8.68E-07,1.073769275,2009.589718,2.966213465
12,93,0.052643073,0.001905592,0.000329381,0.00075,0.059107205,1.196509406,4.33E-05,5.84E-06,0.001365,0.793996528,0.007229273,0.161554276,1.26E-05,5.718642451,42.81698755,15.79735484
12,94,1.211594618,0.157545771,0.034056597,0.021393875,4.616888276,1.914597335,0.00305176,0.000484531,0.0405031,65.64407118,0.092172678,0.286060414,0.000128566,19.69648186,12.14137522,54.41017089
12,94,0.061013036,0.000288333,4.40E-05,1.31E-09,0.015724709,1.23656636,1.62E-06,1.64E-06,0.00111,0.120138889,0.004192586,0.033711655,9.03E-06,1.87448751,2.941695136,5.178142292
12,94,0.055501745,0.001767996,0.000312768,0.00084375,0.041909197,1.329239819,2.88E-05,5.87E-06,0.001325,0.736664931,0.00737681,0.232739345,9.45E-06,7.583158549,36.33849016,20.94795179
12,94,0.066282327,0.001520775,0.000263748,0.0008875,0.482754795,1.138252033,3.14E-05,4.53E-06,0.00202,0.63365625,0.00710289,0.103005414,1.23E-05,5.713121235,45.9557846,15.78210286
12,94,0.053713582,0.0013435,0.000235152,0.00106875,0.20600537,1.051137251,2.06E-05,4.03E-06,0.00158,0.559791667,0.006896902,0.030705552,1.14E-05,4.80365949,1.115324262,13.2697776
12,94,0.105365927,0.000253333,3.75E-05,0.000430625,0.07787478,0.615621186,2.69E-05,1.34E-06,0.1277497,0.105555556,0.004503839,0.024017138,1.70E-05,1.062327529,5.030221482,2.934606435
14,84,1.0981198,0.004121633,0.000842363,0.0018875,1.697648709,0.738363138,0.000130463,1.56E-05,0.0059367,1.717347222,0.027402918,0.18102,8.54E-05,4.811532078,78.75574262,13.29152508
14,84,1.147520218,0.0043622,0.00084521,0.00184375,1.782089646,0.759540699,0.000146498,1.64E-05,0.0062746,1.817583333,0.028602955,0.194956207,8.00E-05,5.064402078,71.2909308,13.99006099
14,84,1.236560836,0.034188283,0.005681081,0.009502563,4.991062709,1.192606609,0.000564317,9.69E-05,0.0198003,14.24511806,0.07563082,0.330244586,0.000238796,10.38007324,717.9384062,28.67423546
14,84,1.1735058,0.004657471,0.001005763,0.00196875,1.847297929,0.827615817,0.000163168,1.86E-05,0.00678615,1.940612847,0.035249624,0.170073862,6.91E-05,5.608640745,737.7426332,15.49348272
14,84,1.264647364,0.043425533,0.007317095,0.012233313,5.343258772,1.320169007,0.000689614,0.000125714,0.02403445,18.09397222,0.084711394,0.331148,5.54E-05,11.63664457,957.859379,32.14542699
14,84,1.282483782,0.038240971,0.00645027,0.010708312,5.517711882,1.241987659,0.000591849,0.000108571,0.0220926,15.93373785,0.084069718,0.315145552,0.000160058,10.82049176,585.480165,29.89086123
14,85,1.044825491,0.025789867,0.004597457,0.008992063,3.504841433,1.189331955,0.000454181,7.41E-05,0.0149166,10.74577778,0.072718229,0.297788483,0.000229311,9.418963098,544.4836175,26.01923508
14,85,1.166310873,0.028063496,0.004920799,0.009229563,4.262857512,1.153257119,0.000511996,8.20E-05,0.01771475,11.69312326,0.075049724,0.301133931,0.000254937,10.05158504,584.6663564,27.7668095
14,85,0.992028673,0.003538883,0.000778453,0.0017375,1.313682961,0.714596989,0.000129373,1.40E-05,0.00521265,1.474534722,0.027906098,0.176464552,7.92E-05,4.688183824,68.53181818,12.95078404
14,85,1.248942618,0.029660246,0.005022048,0.009683,4.918074795,1.164844579,0.00050589,8.61E-05,0.01960395,12.35843576,0.077459745,0.335646172,0.000221064,10.16745308,653.4103315,28.08688696
14,85,1.0913752,0.003662513,0.000770678,0.00144375,1.583550102,0.722638757,0.00013749,1.44E-05,0.0063339,1.526046875,0.028168651,0.177294448,9.37E-05,4.511150431,74.42988998,12.46174152
14,85,0.847467291,0.003599146,0.000744422,0.0016,1.21706089,0.741773854,0.00011841,1.38E-05,0.00535435,1.499644097,0.027474449,0.173641483,6.66E-05,4.53028802,64.46616821,12.51460779
14,86,0.980487036,0.023215129,0.004270382,0.009031813,3.202819551,1.219862815,0.000464549,7.10E-05,0.01364695,9.672970486,0.069037616,0.284418345,0.000202004,8.955186922,540.2878257,24.73808542
14,86,0.876436364,0.0030989,0.000646989,0.00144375,1.373888008,0.767711872,0.0001,1.29E-05,0.00496,1.291208333,0.028868496,0.185828,5.75E-05,4.850123314,57.97756514,13.3981307
14,86,0.854244145,0.003312971,0.000689196,0.0018,1.311691087,0.724718015,0.000142419,1.26E-05,0.0053307,1.380404514,0.028399571,0.181228517,6.58E-05,4.661613137,62.78957441,12.87738436
14,86,1.021269345,0.021571358,0.003809543,0.008299875,3.254760165,1.163303518,0.000387463,6.04E-05,0.0141592,8.988065972,0.06730029,0.300217414,0.000134573,8.101230412,529.158053,22.37908954
14,86,1.005216545,0.019614262,0.003666316,0.007609875,3.380600567,1.135655489,0.000356464,5.74E-05,0.0112929,8.172609375,0.065722704,0.261307931,0.000157647,9.078718588,449.1882426,25.07933312
14,86,0.811175164,0.003399292,0.000722878,0.00121875,1.369947858,0.766056894,0.00013746,1.37E-05,0.004565,1.416371528,0.032432922,0.178458759,7.81E-05,4.748007196,59.42284742,13.11604198
14,87,2.472012309,0.01934665,0.016372442,0.02515225,11.37710209,1.389631507,0.002064291,0.000200207,0.0115448,8.061104167,0.105043247,0.431395,0.000470071,23.02321602,717.159806,63.60004425
14,87,2.433174291,0.022272104,0.016585104,0.026802375,10.9449715,1.450245448,0.002095389,0.0001906,0.01291235,9.280043403,0.105939608,0.429311724,0.000505862,23.60121004,2251.056728,65.19671282
14,87,0.544723545,0.002707587,0.000664493,0.0013875,1.087369276,0.75287643,0.000102778,1.09E-05,0.004285,1.128161458,0.021637837,0.159314483,5.64E-05,4.19959902,52.35098002,11.60110226
14,87,0.639931073,0.002475304,0.001024938,0.0031375,1.107746969,0.642055189,7.79E-05,8.69E-06,0.00511155,1.031376736,0.018255371,0.148219759,4.94E-05,3.749131314,388.7592169,10.35671634
14,87,2.376578145,0.024410108,0.020543733,0.024981875,11.46814761,1.506047758,0.002507778,0.000243491,0.0152606,10.17087847,0.122406418,0.474029655,0.000469829,24.38319894,233.9340185,67.35690315
14,87,0.585579873,0.002196713,0.000982075,0.00280625,1.035045472,0.652120881,8.82E-05,8.36E-06,0.004405,0.915296875,0.019607841,0.143732345,5.50E-05,3.583628451,51.9686769,9.899526108
14,88,0.603060964,0.002098533,0.000908373,0.0017,1.116214409,0.665219282,9.13E-05,8.23E-06,0.003575,0.874388889,0.017271859,0.152680448,4.84E-05,3.989821275,39.17698755,11.02160573
14,88,2.417644109,0.020418696,0.016393551,0.023868938,11.77691426,1.454900348,0.001828797,0.000190424,0.0109531,8.507789931,0.093993782,0.408902621,0.000488653,23.99305506,1811.027073,66.27915762
14,88,0.554160618,0.001939496,0.000440896,0.0006875,1.573158386,0.847774042,7.20E-05,9.74E-06,0.002305,0.808123264,0.024625841,0.180247241,4.53E-05,5.243184569,27.97961928,14.48393527
14,88,0.583273582,0.002131942,0.000924185,0.0023,1.207649661,0.693152819,8.99E-05,8.84E-06,0.003015,0.888309028,0.018099112,0.156766138,5.43E-05,3.903239451,39.20106543,10.78242942
14,88,2.414807364,0.021664471,0.017394301,0.024233063,12.29034238,1.511468179,0.003720803,5.33E-05,0.0116158,9.026862847,0.097482453,0.459645621,0.000469125,25.46075296,1616.129512,70.33357171
14,88,2.412897764,0.020257979,0.015168102,0.0254885,11.21766765,1.440981279,0.001769702,0.000166966,0.01117915,8.440824653,0.090098839,0.366469241,0.000520813,22.61013541,1844.20988,62.4589376
14,89,0.474633145,0.001735625,0.00036039,0.0006,0.622458315,0.686682269,6.28E-05,7.09E-06,0.00307,0.723177083,0.019319553,0.159717276,4.50E-05,3.720798059,36.95077302,10.27844768
14,89,2.224874818,0.018336788,0.011723535,0.016389125,10.51462204,1.480459773,0.001570669,0.00014,0.0095207,7.640328125,0.077103494,0.329148552,0.000421977,23.84219425,1570.195979,65.86241507
14,89,2.285572655,0.021408825,0.014351001,0.019891875,11.1548408,1.473057216,0.001592666,0.000171619,0.0113663,8.92034375,0.086264349,0.352822138,0.000431781,24.42520314,1507.780281,67.47293684
14,89,2.014023309,0.018465992,0.012949523,0.016967563,9.095751244,1.420925676,0.001519194,0.00014888,0.0101915,7.694163194,0.077032733,0.311289276,0.000366776,23.26512855,1765.418743,64.26831091
14,89,0.555713927,0.001669404,0.000345553,0.0009125,1.040044858,0.702331823,7.87E-05,7.13E-06,0.002575,0.695585069,0.020922696,0.158705103,5.00E-05,4.270746,33.23394036,11.79764088
14,89,0.520867782,0.002001254,0.000395453,0.00091875,1.140122165,0.758821463,9.38E-05,8.69E-06,0.002865,0.833855903,0.0214997,0.163117862,4.73E-05,4.522900765,30.1168399,12.49420101
14,90,2.282774127,0.016755796,0.011385664,0.015540938,11.70290743,1.428035634,0.001359081,0.000140857,0.00883925,6.981581597,0.07206972,0.370473172,0.000391489,24.67405092,1322.338644,68.16036166
14,90,0.557493327,0.001361396,0.000230916,0.00080625,0.86530315,0.631202207,4.87E-05,5.13E-06,0.00278,0.567248264,0.01468782,0.110287966,3.05E-05,3.505260412,1549.255527,9.683039812
14,90,0.539051655,0.001316488,0.00028233,0.0007,0.964640299,0.651658915,4.93E-05,5.91E-06,0.002275,0.548536458,0.014687551,0.130654586,2.70E-05,3.802434078,6205.49501,10.50396154
14,90,2.291436364,0.016321808,0.010480724,0.016788063,11.11412315,1.452201407,0.001315276,0.000131714,0.0084159,6.800753472,0.068281057,0.340289621,0.000368099,23.93943051,1748.146689,66.13102351
14,90,0.565581255,0.001657842,0.000740253,0.00139375,1.333554583,0.748699607,6.99E-05,6.89E-06,0.00253,0.690767361,0.018026818,0.157414793,3.90E-05,4.446208353,27.0519586,12.28234352
14,90,2.229676855,0.015569717,0.009499875,0.01546225,10.19203257,1.382530919,0.001225591,0.000115429,0.00919775,6.487381944,0.061284092,0.324244828,0.000340622,22.30299657,162.1736928,61.61048776
14,91,0.519293873,0.001187863,0.000240498,0.0007125,1.071289197,0.717456816,6.90E-05,5.90E-06,0.00228,0.494942708,0.015320692,0.139106,3.80E-05,4.147611725,19.74551534,11.45749095
14,91,2.350645655,0.015706292,0.008546107,0.014347563,10.69604369,1.376884988,0.002237789,0.000109429,0.0088006,6.544288194,0.062709918,0.342703276,0.000340956,22.44932918,1150.155764,62.01472148
14,91,0.428760782,0.001048154,0.000186256,0.00039375,0.521055772,0.643861369,4.00E-05,4.84E-06,0.0021,0.436730903,0.01325318,0.108958655,2.03E-05,3.241918431,21.27661262,8.955575777
14,91,2.116233109,0.015910071,0.008768201,0.01171125,8.537861323,1.403916174,0.001132904,0.000103429,0.0080132,6.629196181,0.068522396,0.32783231,0.000302472,22.1259852,1305.163887,61.12150607
14,91,0.580899364,0.001074267,0.000189043,0.00059875,0.907504346,0.10847587,4.44E-05,4.59E-06,0.00238,0.447611111,0.012499045,0.110311586,2.81E-05,3.526384902,22.3916271,9.741394757
14,91,2.319006218,0.017176308,0.009843268,0.016152688,10.93126834,1.453973321,0.001301526,0.000120286,0.00860235,7.156795139,0.075388284,0.383549552,0.000332904,23.90268857,1201.673117,66.02952643
14,92,0.582628964,0.000931004,0.00014546,0.0013125,0.902653031,0.629576434,3.02E-05,4.17E-06,0.002345,0.387918403,0.013040169,0.103261138,2.44E-05,3.253202078,19.57118413,8.986746073
14,92,2.149344382,0.016689975,0.009380012,0.013363125,9.322471921,1.446084043,0.001306389,0.000121,0.00794605,6.95415625,0.077652018,0.373833655,0.000291727,23.7507298,1089.209359,65.60975084
14,92,0.511887545,0.000834917,0.000143907,0.00075625,0.690321268,0.618975631,3.57E-05,3.84E-06,0.00225,0.347881944,0.011672314,0.089462828,2.76E-05,2.970416863,18.03108135,8.205571444
14,92,0.449129018,0.000995175,0.000178909,0.00063125,0.546568102,0.659095281,4.77E-05,4.70E-06,0.001965,0.41465625,0.014367031,0.117725241,2.60E-05,3.424365275,17.36468442,9.459572582
14,92,2.374163145,0.016894221,0.009012181,0.014823938,11.57986048,1.406808562,0.001119728,0.000118286,0.0082268,7.039258681,0.072648451,0.379724241,0.000298279,23.49924818,1152.129644,64.91505021
14,92,2.295966109,0.018264725,0.009546558,0.017206875,10.34880201,1.395033646,0.001299986,0.000123714,0.00942915,7.610302083,0.073345753,0.368928138,0.000294692,22.46545871,1311.628852,62.05927819
14,93,0.513185673,0.000815975,0.000131333,0.00034625,0.680244921,0.626621493,4.49E-05,3.47E-06,0.001575,0.339989583,0.011716439,0.091963241,2.37E-05,2.970813765,16.00743631,8.206667858
14,93,0.428553382,0.000746587,0.000330695,0.00094375,0.525693953,0.643402168,2.70E-05,3.27E-06,0.00174,0.311078125,0.010991359,0.100199621,2.56E-05,2.950497333,21.58881587,8.15054512
14,93,0.456107127,0.000868225,0.000196957,0.000213125,0.417250008,1.068098611,5.24E-05,5.66E-06,0.001235,0.361760417,0.023382396,0.138838379,1.85E-05,6.320560118,6.720835263,17.46011082
14,93,2.282082255,0.026183425,0.016803573,0.017678687,8.628976055,1.713237221,0.001611162,0.000214861,0.01028835,10.90976042,0.131129408,0.711778034,0.000354943,27.47567104,936.7476187,75.89964375
14,93,2.238978782,0.022091117,0.011008238,0.012982062,9.904555008,1.451040413,0.001420254,0.000130857,0.01103125,9.204631944,0.09273369,0.414832586,0.000357741,23.29795733,2296.210746,64.35899816
14,93,2.299961164,0.019008742,0.009852208,0.01747325,10.55564495,1.398480037,0.001254551,0.000119571,0.00973645,7.920309028,0.079042455,0.373565897,0.000309166,22.89132175,1280.873725,63.23569543
14,94,0.485753782,0.000535592,7.71E-05,0.00050375,0.541639055,0.582150834,1.92E-05,2.30E-06,0.0015,0.223163194,0.009031173,0.07445731,1.56E-05,2.804057059,11.82675449,7.746013975
14,94,0.495719655,0.000584167,7.96E-05,0.00036625,0.575949764,0.569168164,2.84E-05,2.34E-06,0.00173,0.243402778,0.010006478,0.069833034,1.81E-05,2.620252882,15.13875507,7.238267631
14,94,2.436638127,0.020478188,0.008203806,0.013996,10.56403014,1.380251154,0.001281892,0.000106429,0.01151985,8.532578125,0.08313862,0.394318207,0.000325185,22.34139071,818.2223277,61.71654891
14,94,0.532928727,0.000571167,9.13E-05,0.000399375,0.609389906,0.563402307,2.49E-05,2.53E-06,0.00191,0.237986111,0.01031531,0.069413103,1.58E-05,2.685215098,1070.648521,7.417721265
14,94,2.418546164,0.018324788,0.008607815,0.015445875,10.07705905,1.359352795,0.001283977,0.000107714,0.01278945,7.635328125,0.087527065,0.403363276,0.000376649,21.28777351,1439.496041,58.80600417
14,94,2.376231509,0.017816113,0.008688248,0.016267438,10.33706424,1.361314434,0.001319851,0.000107286,0.01242225,7.423380208,0.08376898,0.393861759,0.000361421,21.85106006,1531.678189,60.36204436
15,84,0.314024327,0.010142925,0.003487765,0.00374375,0.375433071,1.083131287,0.000446121,3.97E-05,0.0056456,4.22621875,0.02727829,0.157365241,8.17E-05,10.84512196,997.1990938,29.95890044
15,84,0.754398673,0.007872629,0.003280322,0.00345,0.760194992,0.971037634,0.000288882,3.63E-05,0.00727435,3.280262153,0.046999024,0.168943069,0.000105094,7.903479608,217.5208975,21.8328166
15,84,0.914716418,0.008042304,0.003096866,0.0038,1.743732843,0.953630172,0.00046293,3.63E-05,0.0073309,3.350960069,0.048279263,0.180147655,0.000106221,7.828848137,227.0793891,21.62665231
15,84,0.294636727,0.009645092,0.003330861,0.00349375,0.441564047,1.02861738,0.000424362,3.69E-05,0.0065991,4.018788194,0.025180565,0.117170828,6.62E-05,9.275074353,365.9220672,25.62175236
15,84,0.361183764,0.009330413,0.003048843,0.00326875,1.629480567,1.049050101,0.000336408,3.50E-05,0.0058763,3.887671875,0.023862167,0.120270793,6.99E-05,10.58012449,379.0575478,29.22686323
15,84,0.794832636,0.007872363,0.003215978,0.00345,1.021587685,0.95497082,0.00046826,3.56E-05,0.00711125,3.280151042,0.047128018,0.168842793,0.000103479,7.665415569,207.9192762,21.17518113
15,85,0.833997909,0.007875158,0.0030327,0.00384375,1.494404315,0.909168705,0.000386053,3.50E-05,0.00825015,3.281315972,0.046881929,0.184500862,0.00011316,7.314174627,217.164489,20.20490229
15,85,0.299230509,0.009148142,0.003095743,0.00339375,0.849083465,1.083388943,0.000393117,3.59E-05,0.00610245,3.811725694,0.024350473,0.138630138,7.80E-05,10.73715733,321.528797,29.66065562
15,85,0.342544582,0.008933367,0.002767363,0.0030625,1.427112858,1.081139866,0.00032122,3.36E-05,0.00577265,3.722236111,0.023509829,0.122397448,7.06E-05,10.24389402,324.8751896,28.29804978
15,85,0.312457618,0.007943738,0.002549421,0.003075,1.865053654,1.075573246,0.000247184,3.09E-05,0.0052264,3.309890625,0.02215632,0.108176552,4.75E-05,10.54087096,321.4874682,29.11842807
15,85,0.836355218,0.007734204,0.003183707,0.0034,1.235832157,0.958631855,0.000395063,3.53E-05,0.0069807,3.222585069,0.045239631,0.185390276,0.000129761,7.606178941,210.8299841,21.01154404
15,85,1.038664982,0.007876379,0.003165363,0.003325,1.949907575,0.994374694,0.000387379,3.56E-05,0.0071853,3.281824653,0.046002763,0.177893655,0.0001411,7.946219667,199.7267704,21.95088306
15,86,0.613861927,0.007838921,0.003018137,0.0030625,0.574732724,0.940370449,0.000407058,3.51E-05,0.0069658,3.266217014,0.046219649,0.181479,0.000140722,7.041165078,195.8843413,19.45073226
15,86,0.175201364,0.006903821,0.002326387,0.0023375,0.138749126,0.99287883,0.000249046,2.77E-05,0.003905,2.876592014,0.020544761,0.101855793,3.71E-05,8.518058294,326.8339085,23.53054777
15,86,0.538634509,0.007468275,0.003082563,0.00280625,0.33749622,0.937739619,0.00040898,3.43E-05,0.0070382,3.11178125,0.048461898,0.187053,0.000129037,7.392103118,207.7563419,20.42017436
15,86,0.138824782,0.006833525,0.002176842,0.00201875,0.036046,1.062013741,0.00023138,2.66E-05,0.00392,2.847302083,0.020400063,0.089714069,4.05E-05,7.763550922,274.7851752,21.44627326
15,86,0.6818276,0.007546775,0.003049112,0.00353125,0.568733976,0.895731094,0.000410547,3.20E-05,0.00721715,3.144489583,0.047535161,0.182110138,0.000102594,6.613553608,198.6191039,18.2694851
15,86,0.167540055,0.006193646,0.001974333,0.00176875,0.123532047,0.993076958,0.000196901,2.39E-05,0.00377,2.580685764,0.018589363,0.087107483,4.07E-05,8.060841706,235.2548871,22.26751852
15,87,0.277076527,0.006340292,0.001806692,0.00201875,1.475159055,1.007964054,0.000156453,2.19E-05,0.00454,2.641788194,0.017290367,0.074841034,3.91E-05,8.778652843,1129.619373,24.25042222
15,87,0.034124655,0.005113146,0.002052051,0.0015125,0.000358268,1.035481102,0.000220964,2.49E-05,0.002265,2.130477431,0.018543739,0.122068862,2.98E-05,5.69280098,166.758134,15.72596956
15,87,0.938066291,0.008118663,0.002719023,0.0030875,1.44860126,0.869912067,0.000377644,3.10E-05,0.00937715,3.382776042,0.045243467,0.176691276,0.000141813,6.256857333,862.3025029,17.28413628
15,87,0.641512582,0.007891483,0.002971684,0.0029,0.51708774,0.873593111,0.000400633,3.11E-05,0.0075703,3.288118056,0.046770073,0.175573069,0.000128508,6.279322137,206.0592226,17.34619375
15,87,0.226919236,0.00785595,0.003054628,0.00269375,0.001184197,0.840208881,0.000383547,3.30E-05,0.00620765,3.2733125,0.045755684,0.168537414,9.89E-05,5.453423549,166.2766314,15.06470594
15,87,0.189060982,0.005923725,0.001957724,0.0022125,0.137587953,0.996916467,0.000197788,2.36E-05,0.004395,2.46821875,0.019017824,0.079734069,4.48E-05,8.122011275,212.5273827,22.43649523
15,88,2.751999073,0.001642175,0.000370578,0.011670937,0.000484252,0.015654308,3.36E-05,5.03E-06,0.0086561,0.684239583,0.03162049,0.141437828,0.000135522,0.000245098,2122.311692,0.000677066
15,88,0.199175291,0.005174183,0.001636308,0.00214375,0.225306087,1.077000515,0.000145952,2.01E-05,0.00337,2.155909722,0.015528784,0.114740966,2.52E-05,9.371539745,182.1283874,25.88823134
15,88,0.504381109,0.008074617,0.002618654,0.00343125,0.111444283,0.850823897,0.000368929,3.03E-05,0.00818965,3.364423611,0.041148502,0.174137759,9.50E-05,5.932175647,167.3024595,16.38722554
15,88,0.794846927,0.008234863,0.002830525,0.00343125,0.636645339,0.942725232,0.000312212,3.30E-05,0.0079587,3.431192708,0.046360594,0.186069552,0.000131571,7.001488686,196.1605168,19.34112897
15,88,0.089618618,0.005205496,0.001620607,0.0011,0.001797646,1.004897798,0.000145143,1.90E-05,0.003175,2.168956597,0.016334049,0.086131621,3.80E-05,6.878447157,185.4495889,19.00123524
15,88,0.080113164,0.007924617,0.003001217,0.00116875,0.000222835,0.857294967,0.000421816,3.30E-05,0.00574985,3.301923611,0.044162098,0.167019483,0.000103838,3.263555431,149.7628445,9.015346496
15,89,0.859814073,0.009429742,0.002796511,0.0031125,0.859325638,0.888027286,0.00034964,3.21E-05,0.0101663,3.929059028,0.046597339,0.179957759,0.000110564,7.229557627,178.7909192,19.97115367
15,89,0.1804914,0.006974896,0.001297551,0.00115,0.242621835,1.022273083,7.59E-05,1.63E-05,0.00659785,2.906206597,0.014700071,0.076129828,2.50E-05,8.130279294,163.3896352,22.45933507
15,89,0.139478855,0.004988083,0.001158478,0.001625,0.163816669,1.031117283,0.0001,1.50E-05,0.00423,2.078368056,0.014428578,0.078700172,2.01E-05,9.131661941,197.788813,25.22558547
15,89,0.955356436,0.008321529,0.002657505,0.00385625,1.515789173,0.889807275,0.000326051,3.03E-05,0.00935535,3.467303819,0.04485498,0.185103517,0.000120394,6.766439608,171.0401158,18.69182212
15,89,0.216120491,0.004176913,0.001028975,0.00176875,1.441521071,1.053421442,0.000102,1.36E-05,0.00363,1.740380208,0.013458104,0.069979069,2.04E-05,9.294609157,126.1915866,25.6757159
15,89,0.656448145,0.008259879,0.00269851,0.00250625,0.540906567,0.881089764,0.000385581,3.09E-05,0.00834125,3.441616319,0.046201304,0.179313138,0.000128455,6.498173686,221.8230428,17.95075604
15,90,0.551357545,0.007342304,0.002660537,0.002375,0.379885031,0.925495226,0.000351211,2.94E-05,0.0072461,3.059293403,0.041887459,0.160616448,0.000106434,6.740394216,145.526879,18.61987352
15,90,0.099944,0.002967146,0.000881515,0.0011,0.063132087,0.99350415,7.72E-05,1.06E-05,0.00216,1.236310764,0.011826276,0.064011069,1.43E-05,7.662492118,100.3199479,21.1671053
15,90,0.094056727,0.012750338,0.002345605,0.00070625,1.137210197,0.886441902,0.000350829,2.64E-05,0.00265,5.312640625,0.011762388,0.067723207,1.91E-05,6.903066275,121.9220498,19.06924385
15,90,0.556053691,0.000373333,6.07E-05,0.00254375,0.01282485,0.69183517,5.03E-06,1.04E-06,0.0078166,0.155555556,0.048682841,0.196980448,0.000136701,1.470362824,175.3130863,4.061775756
15,91,0.696522818,0.096857288,0.015326813,0.0030375,7.544495992,1.195763903,0.002338286,0.000227454,0.02029855,40.35720313,0.048468294,0.181948034,0.000117368,13.45057684,583.898687,37.15628962
15,91,0.070109527,0.096857288,0.015326813,0.00038875,7.544495992,1.195763903,0.002338286,0.000227454,0.00113,40.35720313,0.004071898,0.034051241,9.21E-06,13.45057684,3.764599016,37.15628962
15,91,2.617422109,0.001969425,0.000487377,0.041247313,0.116425976,1.018165675,3.00E-05,6.27E-06,0.0957779,0.82059375,0.207699112,0.678400207,0.000912528,7.338848451,53.19756514,20.27306202
15,91,2.617422109,0.001969425,0.000487377,0.041247313,0.116425976,1.018165675,3.00E-05,6.27E-06,0.0957779,0.82059375,0.207699112,0.678400207,0.000912528,7.338848451,2123.146468,20.27306202
15,91,0.089435327,0.015298033,0.002500454,0.00075,0.457358181,0.857520641,0.000287872,2.63E-05,0.002365,6.374180556,0.007900037,0.057754379,4.50E-06,5.095824608,53.19756514,14.07686356
15,91,0.089435327,0.003463821,0.000486358,0.00075,0.027948764,1.297656798,4.39E-05,9.39E-06,0.002365,1.443258681,0.007900037,0.057754379,4.50E-06,6.889226314,2123.146468,19.03101192
15,91,0.580405345,0.010270292,0.002340246,0.00264375,0.537706189,0.904599293,0.000275971,2.79E-05,0.02809175,4.279288194,0.046677506,0.173416828,0.000114032,6.484471471,181.2702142,17.91290461
15,91,0.069793418,0.003004742,0.000617491,0.0008625,0.077219677,0.98255029,3.04E-05,7.31E-06,0.00161,1.251975694,0.008592786,0.214981345,1.35E-05,4.631335255,69.88058193,12.7937438
15,91,0.559138891,0.003004742,0.000617491,0.0021625,0.077219677,0.98255029,3.04E-05,7.31E-06,0.0128015,1.251975694,0.048951284,0.170789414,0.00012719,4.631335255,141.1003286,12.7937438
15,91,0.089604836,0.109579667,0.015942108,0.00101875,7.634462748,1.199829452,0.002184726,0.000226477,0.00402,45.65819444,0.009398559,0.056228103,4.62E-06,13.02002214,181.8056355,35.96691198
15,91,0.089604836,0.109579667,0.015942108,0.00101875,7.634462748,1.199829452,0.002184726,0.000226477,0.00402,45.65819444,0.009398559,0.056228103,4.62E-06,13.02002214,2070.414391,35.96691198
15,91,2.559490109,0.106302004,0.017586728,0.041657812,8.686004063,1.346746502,0.002669361,0.000252434,0.11572,44.29250174,0.2151672,0.671586483,0.000921304,15.35437302,181.8056355,42.41539508
15,91,2.559490109,0.106302004,0.017586728,0.041657812,8.686004063,1.346746502,0.002669361,0.000252434,0.11572,44.29250174,0.2151672,0.671586483,0.000921304,15.35437302,2070.414391,42.41539508
15,91,3.156797673,0.002436675,0.000499629,0.052482938,0.769975496,1.007136203,4.57E-05,6.50E-06,0.1060797,1.01528125,0.243796531,0.759734897,0.001122668,7.303603314,56.3906355,20.17569976
15,91,3.156797673,0.002436675,0.000499629,0.052482938,0.769975496,1.007136203,4.57E-05,6.50E-06,0.1060797,1.01528125,0.243796531,0.759734897,0.001122668,7.303603314,1906.994974,20.17569976
15,91,0.155075891,0.009036171,0.002251367,0.00080625,0.43602574,0.921881663,0.000320079,2.79E-05,0.003215,3.765071181,0.008422055,0.057729897,6.73E-06,6.587250667,56.3906355,18.19682505
15,91,0.155075891,0.09142375,0.017482245,0.00080625,0.290500213,1.347347829,0.002010229,0.000241199,0.003215,38.09322917,0.008422055,0.057729897,6.73E-06,11.40339288,1906.994974,31.50108531
15,92,0.508330636,0.008366854,0.002230653,0.0023125,0.240790283,0.907095598,0.000314624,2.71E-05,0.00954225,3.486189236,0.048829631,0.174651552,0.000104494,6.631474627,132.6427866,18.31899068
15,92,0.559626,0.099522283,0.018238737,0.011744313,2.857773134,1.379216248,0.002408344,0.000243661,0.0309143,41.46761806,0.115732555,0.346085379,0.000400395,13.40927306,917.116588,37.04219077
15,92,0.4178082,0.009221613,0.00223897,0.00126875,0.630198449,0.866746337,0.000286281,2.66E-05,0.0084476,3.842338542,0.050996824,0.184749759,9.53E-05,6.352920255,125.4908715,17.54950347
15,92,0.961122855,0.093429913,0.018109278,0.016200938,1.294613425,1.387798517,0.002402657,0.00024408,0.0373112,38.92913021,0.113283196,0.326110172,0.000382582,12.44994055,22.74681673,34.39210096
15,92,0.602292364,0.007869733,0.002168297,0.00331875,0.706147984,0.904680449,0.000292182,2.66E-05,0.0117554,3.279055556,0.048807443,0.188260759,0.000111952,6.523668863,142.0978981,18.0211847
15,92,0.796255255,0.006335204,0.00191989,0.013858313,0.290441961,0.807301887,0.000305802,2.19E-05,0.0345171,2.639668403,0.107943786,0.324913828,0.000365025,5.023468902,800.3963057,13.87698592
15,93,0.626108945,0.075281875,0.014584528,0.0018625,1.268019496,1.28305138,0.001493706,0.00019473,0.00855045,31.36744792,0.045244165,0.17487369,0.000105473,9.83754549,137.8470368,27.17554003
15,93,0.373156836,0.089841667,0.01571053,0.00244375,3.417245409,1.324665601,0.001802017,0.000220001,0.006763,37.43402778,0.040221867,0.176307034,9.77E-05,12.53109335,133.3270252,34.61627998
15,93,0.837872109,0.007481658,0.002080687,0.011643187,0.900242228,0.8585833,0.000323549,2.51E-05,0.0333651,3.117357639,0.106902669,0.350547103,0.000339904,6.23724798,981.5520715,17.2299668
15,93,1.023583855,0.090990054,0.016938859,0.014730563,2.741401898,1.381184393,0.001971809,0.000229559,0.034967,37.91252257,0.106314851,0.336570241,0.00034519,12.30106714,962.0520657,33.98084845
15,93,0.592407345,0.006546646,0.001931711,0.00255,0.567783323,0.849563598,0.000250844,2.34E-05,0.00861075,2.727769097,0.045143239,0.173039379,0.000123399,5.965257137,124.5559047,16.47861088
15,93,1.004777855,0.006516875,0.001754972,0.016689,0.62575726,0.808100427,0.000252108,2.23E-05,0.03691155,2.715364583,0.102883963,0.328048276,0.000350945,5.638501451,947.3607933,15.57597086
15,94,0.529221018,0.078089063,0.014225232,0.00224375,2.654332724,1.295899459,0.001504953,0.00019466,0.00820405,32.53710938,0.038702976,0.175516069,7.64E-05,11.2143728,716.4420874,30.9789304
15,94,0.541471945,0.074646138,0.014159768,0.00221875,2.642582622,1.287698341,0.001305126,0.000196449,0.0082832,31.10255729,0.039219033,0.179794724,9.84E-05,10.94763302,113.8073958,30.24208016
15,94,0.9616408,0.006310775,0.00185652,0.013534875,0.379451551,0.858275534,0.000282803,2.33E-05,0.0362175,2.629489583,0.105031551,0.341938414,0.000310847,5.743116039,749.749835,15.86496143
15,94,0.991040745,0.06677475,0.013124923,0.013931375,1.424063236,1.31330063,0.001297446,0.000175376,0.0349512,27.8228125,0.101905835,0.325857138,0.000301066,9.922905118,849.1427085,27.4113401
15,94,0.4312162,0.006022638,0.002893403,0.00205,1.430732472,0.890335593,0.000413682,3.06E-05,0.0066554,2.509432292,0.039068284,0.176281379,9.46E-05,7.270575961,105.5453532,20.08446398
15,94,0.855417382,0.011606579,0.004040588,0.013685563,0.559509709,1.028067015,0.000553106,4.16E-05,0.0327808,4.836074653,0.106703224,0.35605831,0.000296226,9.951680314,952.2419615,27.4908296
17,84,0.866062491,0.011356679,0.00391301,0.00405625,1.699155748,1.065145448,0.000527238,4.10E-05,0.0052548,4.731949653,0.043189078,0.162615655,0.000113812,10.45807704,224.357872,28.88971558
17,84,0.355798873,0.006002275,0.00300726,0.00526875,1.134628701,0.884990675,0.000420526,3.24E-05,0.00806865,2.500947917,0.031302647,0.15669569,0.000106527,7.444386392,506.0736118,20.56460329
17,84,0.440655545,0.010963421,0.003602695,0.00438125,0.452971079,1.00823273,0.000432239,3.80E-05,0.00767495,4.568092014,0.02885478,0.153129069,0.000103064,9.386540922,454.3994629,25.92967105
17,84,0.775673236,0.00635755,0.002753644,0.00323125,0.866305795,0.842978894,0.000355764,2.90E-05,0.00508815,2.648979167,0.044756839,0.174547483,0.000128991,6.640866529,222.8365316,18.34493516
17,84,0.322375055,0.006824963,0.003359696,0.0044625,0.938937008,1.031906793,0.000489284,3.74E-05,0.00726045,2.843734375,0.028858598,0.117015724,0.000103943,8.617480078,489.9762247,23.80519359
17,84,0.670105055,0.006555925,0.003105021,0.00299375,0.797282063,0.898099897,0.000369773,3.10E-05,0.00645775,2.731635417,0.044487159,0.170788276,0.000104937,7.213976725,255.5369847,19.9281125
17,85,0.832767473,0.009820979,0.003427541,0.00319375,0.442050173,1.023839902,0.000442438,3.76E-05,0.005634,4.092074653,0.045957804,0.180528793,0.000149796,10.23604835,194.7949812,28.27637667
17,85,0.713456382,0.011033183,0.003702503,0.00323125,2.147955551,1.049992543,0.000484914,3.93E-05,0.00589585,4.597159722,0.043171135,0.166480207,0.000111251,10.73153998,259.9044152,29.64513807
17,85,0.328157745,0.011371804,0.004032479,0.003875,0.385858031,1.142483088,0.000648642,4.49E-05,0.00664545,4.738251736,0.028611461,0.134664552,8.20E-05,11.29545771,479.9433917,31.20292184
17,85,0.4668228,0.006544196,0.003031514,0.0044125,1.816549488,0.902675132,0.000411929,3.17E-05,0.00729275,2.726748264,0.028292576,0.136947517,0.000108387,7.587172196,404.5624725,20.95903922
17,85,0.342873891,0.007236175,0.003086646,0.0051125,1.077126669,0.914942902,0.000421567,3.29E-05,0.0070614,3.015072917,0.029652067,0.181712517,9.10E-05,7.346974294,418.4363564,20.2955091
17,85,0.9619054,0.007236175,0.003086646,0.00376875,1.077126669,0.914942902,0.000421567,3.29E-05,0.00784255,3.015072917,0.045417976,0.174629207,0.0001208,7.346974294,216.6667965,20.2955091
17,86,0.771889982,0.007517658,0.003137134,0.00389375,0.974055142,0.915266111,0.000444797,3.31E-05,0.00685325,3.132357639,0.046469571,0.179310172,0.000111329,6.950996294,239.6604082,19.20164722
17,86,0.771889982,0.007517658,0.003137134,0.00389375,0.974055142,0.915266111,0.000444797,3.31E-05,0.00685325,3.132357639,0.046469571,0.179310172,0.000111329,6.950996294,938.8790996,19.20164722
17,86,0.7728908,0.010146888,0.003386121,0.0038875,0.758234173,1.079041742,0.000423367,3.69E-05,0.00705655,4.227869792,0.049154957,0.17792269,0.000122945,9.757668373,239.6604082,26.95488501
17,86,0.7728908,0.005587854,0.00146458,0.0038875,0.284337945,0.694481276,0.000229232,1.89E-05,0.00705655,2.328272569,0.049154957,0.17792269,0.000122945,4.021907784,938.8790996,11.1102425
17,86,0.339343927,0.00594725,0.001531454,0.00318125,0.451181748,0.735439495,0.000238027,1.94E-05,0.0073002,2.478020833,0.027521106,0.124002345,7.75E-05,4.402942549,380.7502099,12.16282472
17,86,0.321323909,0.057110858,0.010344758,0.0018375,1.81773574,1.102332938,0.001064313,0.000143289,0.0085397,23.79619097,0.039250824,0.191142069,9.64E-05,6.922465333,144.9954415,19.12283241
17,86,0.470480655,0.051401121,0.009876731,0.0024375,0.906984047,1.054981041,0.000990346,0.000134,0.00822705,21.41713368,0.036836924,0.18662969,0.000104602,6.558143549,123.3821685,18.11641864
17,86,0.850525436,0.005646258,0.001597229,0.012681313,0.039852307,0.778441093,0.000236018,2.06E-05,0.0314315,2.352607639,0.098053692,0.334709759,0.000341528,4.557035647,1092.222116,12.58849626
17,86,0.573037855,0.005144992,0.00144694,0.00993,0.09771752,0.720829382,0.000199574,1.84E-05,0.03045085,2.143746528,0.102137998,0.368755483,0.0003678,4.041896549,1143.10043,11.16546008
17,87,0.2224532,0.045744658,0.008088555,0.0015125,1.777601646,1.103979464,0.000770204,0.000109857,0.00610065,19.06027431,0.042342306,0.172805517,7.31E-05,6.988405529,92.90862913,19.30498765
17,87,0.317791,0.005014417,0.001288203,0.00113125,0.470274906,0.67156364,0.000180988,1.64E-05,0.0063692,2.089340278,0.036536733,0.173041655,8.17E-05,4.103066588,98.2889476,11.33443809
17,87,0.728821691,0.045495029,0.010136796,0.01049125,8.35E-05,1.168816375,0.001001312,0.000137429,0.0277297,18.95626215,0.091813667,0.32915369,0.000268672,6.601820412,946.1830038,18.23707296
17,87,0.404311782,0.046292775,0.009298262,0.00209375,0.093195165,1.135992882,0.000920622,0.000122286,0.0081896,19.28865625,0.039271853,0.188220103,9.53E-05,6.690385,141.724654,18.48172652
17,87,0.358274636,0.146498675,0.023245877,0.008421,6.886376323,1.420316312,0.00223969,8.69E-05,0.0195224,61.04111458,0.095539894,0.345890586,0.000260236,13.20285865,766.3081746,36.47198521
17,87,0.460621673,0.038283821,0.007507033,0.0082,0.503052173,1.05638522,0.000787428,0.000101857,0.02227565,15.95159201,0.09379541,0.33987531,0.000272806,6.20979902,751.9384583,17.15414094
17,88,1.6075824,0.003950254,0.001052446,0.025519188,0.227063874,0.597294322,0.000145966,1.38E-05,0.05790815,1.645939236,0.128759284,0.282166069,0.000104079,3.060538333,15.10510857,8.454525783
17,88,0.550911073,0.004833821,0.001242668,0.0073385,0.262634835,0.698373419,0.000205209,1.71E-05,0.0219903,2.014092014,0.087555167,0.31895169,0.000261391,4.11632098,852.3401549,11.37105243
17,88,0.328223164,0.001298358,0.000177616,0.00151875,0.937420276,0.769009368,3.43E-05,8.50E-07,0.00750425,0.540982639,0.033521967,0.162736586,7.96E-05,3.437033118,130.9233353,9.494566623
17,88,0.339690782,0.038677483,0.007167903,0.0013,0.69346248,1.073844078,0.000765211,9.61E-05,0.0069903,16.11561806,0.034240222,0.173777172,6.99E-05,5.789399196,106.4690026,15.99281546
17,88,0.115059545,0.109025804,0.019234803,0.0013375,6.497002748,1.463570548,0.001826779,0.000238316,0.00343,45.4274184,0.009450406,0.029188207,2.36E-05,13.01667529,3.183362768,35.95766656
17,88,0.556604436,0.112597113,0.020695921,0.00644175,6.255658331,1.417445892,0.001993393,0.0002506,0.02327005,46.91546354,0.083512267,0.322281276,0.000221834,11.965659,740.6050782,33.05430663
17,89,1.529745345,0.001153958,0.000158673,0.023218812,1.156359575,0.783274711,2.28E-05,8.14E-07,0.04990945,0.480815972,0.124735031,0.300774103,0.000126717,3.69315551,95.49060654,10.20208704
17,89,1.532231764,0.12878245,0.021572588,0.023054188,7.607929402,1.531937924,0.002059777,8.41E-05,0.05200575,53.65935417,0.135124361,0.291247138,0.000101416,14.13583657,10.09056167,39.04927229
17,89,0.120472291,0.1139302,0.020192933,0.0018875,6.789739701,1.432043361,0.001935413,7.29E-05,0.003885,47.47091667,0.008525937,0.02855531,3.18E-05,12.87839598,88.19805443,35.5756795
17,89,1.586144055,0.100227867,0.019120768,0.026770375,7.148600252,1.517251137,0.001445662,0.000248361,0.05494615,41.76161111,0.129669482,0.300674483,0.000281482,14.32173663,1718.161149,39.56280836
17,90,1.528743655,0.10728945,0.032911547,0.024530313,11.16712061,1.669219242,0.0025008,8.50E-05,0.0481488,44.7039375,0.129736878,0.292728069,8.12E-05,14.63828182,1128.77221,40.43724261
17,90,1.594905636,0.152197154,0.02889247,0.023681438,9.641541661,1.54055666,0.002228884,7.50E-05,0.04339715,63.4154809,0.121388808,0.286626724,0.000146458,13.31034933,1111.178166,36.76892081
17,90,1.708494891,0.100805421,0.017966833,0.020506938,6.670994063,1.355351007,0.001547509,0.000226364,0.0264786,42.00225868,0.059585131,0.207247138,0.000162867,13.08168084,808.6411349,36.1372399
17,91,1.880880236,0.116612767,0.026876337,0.020655125,9.916542378,1.483429712,0.002071621,7.27E-05,0.04426265,48.58865278,0.059912124,0.184811241,0.000142067,12.21175269,55.64291401,33.73412344
17,91,1.5737138,0.099364525,0.031060676,0.02407075,10.3258896,1.583160624,0.002434313,8.24E-05,0.04345515,41.40188542,0.130661041,0.279622103,0.000252727,13.93769249,1119.787377,38.50191296
17,91,1.828430436,0.103508179,0.031217374,0.012606375,10.0577158,1.625306013,0.002399227,8.31E-05,0.032843,43.12840799,0.056888996,0.185901724,0.000155338,14.07809912,2043.144532,38.88977657
17,92,1.734927473,0.101465108,0.029654564,0.0231635,10.53898663,1.501901586,0.002226176,7.57E-05,0.0265252,42.27712847,0.061411192,0.204899414,0.000139163,13.16152961,43.44203966,36.3578166
17,92,1.692271782,0.095896587,0.029309835,0.020029563,10.63570692,1.509574139,0.002338511,7.86E-05,0.0249179,39.95691146,0.061841161,0.211956,0.000167509,13.82381527,1005.54381,38.18733501
17,92,1.701256855,0.095378708,0.028267384,0.010382875,10.51622137,1.497134263,0.002346579,7.91E-05,0.0251711,39.74112847,0.056331553,0.192632276,0.000138136,14.25215169,1035.437818,39.37058477
17,93,1.644299036,0.095031008,0.03197142,0.010789688,10.86475002,1.656263679,0.00419911,8.57E-05,0.0256878,39.59625347,0.060097108,0.192590483,0.000171985,15.21174775,910.5026274,42.02140261
17,93,1.636285073,0.094359054,0.028064533,0.014014125,10.372186,1.513867767,0.002464946,7.89E-05,0.02366925,39.31627257,0.057560404,0.182626034,0.000154658,14.80368147,1040.439891,40.89414771
17,93,1.652203036,0.094063396,0.032318704,0.021708125,11.36161806,1.638171339,0.002558673,8.77E-05,0.021992,39.1930816,0.058823194,0.201824,0.000139469,15.64238502,912.3748726,43.21100834
17,94,1.586493182,0.092337217,0.029008774,0.012401062,10.16416547,1.541155547,0.002532679,8.01E-05,0.02383995,38.47384028,0.053561584,0.176049828,0.000175838,14.931156,997.9819268,41.24628729
17,94,1.644823818,0.019256063,0.00831798,0.020472125,3.440168575,1.208852468,0.00116548,8.41E-05,0.02075635,8.023359375,0.060481549,0.192523207,0.000164606,15.9856851,847.6478547,44.1593511
17,94,1.596320455,0.018166467,0.007825304,0.014391,2.31213052,1.156701917,0.00110462,7.99E-05,0.02235365,7.569361111,0.058798792,0.18212431,0.000152921,14.45116147,903.4130819,39.92033555
19,84,0.942509545,0.002467679,0.003759813,0.011137313,2.326707961,0.849574374,0.001283963,4.99E-05,0.01188615,1.028199653,0.053113349,0.243124517,0.000243226,6.112721961,685.8385929,16.88597227
19,84,0.753302982,0.017487475,0.007821569,0.010329438,1.864265386,1.151928054,0.001119787,7.99E-05,0.0111876,7.286447917,0.043270545,0.221790069,0.000233603,15.57972657,371.3427446,43.0379187
19,84,1.5315024,0.001964388,0.002523997,0.00230625,1.962931039,0.805164571,0.001050818,3.76E-05,0.002455,0.818494792,0.07329592,0.350016138,0.000197365,5.38302951,251.0227837,14.87024726
19,84,0.731902582,0.018632167,0.007567951,0.012036688,2.569030937,1.076472567,0.001073078,7.53E-05,0.0113587,7.763402778,0.049653204,0.229129448,0.000215172,14.51583339,703.2354835,40.09898727
19,85,1.485346,0.018891229,0.008129311,0.00235,3.491050764,1.130073962,0.001018584,8.27E-05,0.00237,7.871345486,0.068970978,0.348868345,0.000178439,15.15496712,189.6564186,41.86455005
19,85,0.666138327,0.001858033,0.001849214,0.009896875,1.684169543,0.808992848,0.001000756,3.47E-05,0.0120468,0.774180556,0.044682896,0.221011069,0.000207901,5.70720398,90.67442965,15.76575685
19,85,0.938429564,0.018108954,0.008048055,0.011059563,1.899581654,1.170623984,0.001018321,8.16E-05,0.0123081,7.545397569,0.041743112,0.230525759,0.000239709,14.74152443,194.0620976,40.72244318
19,85,1.334066564,0.002142283,0.003204516,0.00154375,2.302202874,0.839444966,0.001073063,4.51E-05,0.003165,0.892618056,0.066803243,0.325260207,0.000180892,6.046816275,145.8353952,16.70391236
19,85,0.667222473,0.018313846,0.00841236,0.010158563,1.894661606,1.173070009,0.001030833,8.71E-05,0.0111359,7.630769097,0.044768343,0.23839031,0.000204762,15.97212631,1209.788943,44.12189589
19,85,1.541775527,0.017417,0.007617393,0.00213125,2.521952598,1.119699922,0.001036627,7.44E-05,0.00264,7.257083333,0.071136067,0.337502828,0.000216407,13.90636992,235.7121757,38.41538652
19,86,0.831178764,0.001739613,0.001160347,0.010554125,1.60655222,0.731243906,0.000592423,2.06E-05,0.0105727,0.724838542,0.055115453,0.271906655,0.000230525,4.918569039,623.0740417,13.58720729
19,86,0.700691218,0.001739613,0.001160347,0.01010025,1.60655222,0.731243906,0.000592423,2.06E-05,0.01079455,0.724838542,0.044795894,0.227818345,0.000205438,4.918569039,1596.078334,13.58720729
19,86,1.193692764,0.001739613,0.001160347,0.00175625,1.60655222,0.731243906,0.000592423,2.06E-05,0.002575,0.724838542,0.06154912,0.289048379,8.98E-05,4.918569039,22.8224088,13.58720729
19,86,1.255019382,0.001878917,0.001800468,3.97E-06,1.630697354,0.851098132,0.000946462,3.13E-05,0.00203,0.782881944,0.062276033,0.302029759,0.000128632,6.07582698,79.98587145,16.78405243
19,86,0.572792964,0.018258913,0.00757518,0.009533125,1.648039094,1.12292216,0.000947934,7.66E-05,0.0118007,7.607880208,0.045505327,0.215598241,0.000248288,14.00634443,343.8412362,38.6915592
19,86,1.156685855,0.001732696,0.001283055,0.001625,1.507204299,0.736643143,0.000605301,2.19E-05,0.002265,0.721956597,0.067216708,0.309700655,8.60E-05,4.965154941,53.81888535,13.71589763
19,87,0.981316236,0.018294488,0.007773284,0.010409313,4.108620583,1.170067988,0.001064293,8.04E-05,0.0136783,7.622703125,0.048714859,0.249158103,0.000220171,15.32922122,1549.768112,42.34591496
19,87,1.139396745,0.001839096,0.001010101,0.00238125,1.515503787,0.75113215,0.000451301,1.80E-05,0.002715,0.766289931,0.053624139,0.234672483,7.34E-05,4.776375333,4.227051245,13.194407
19,87,0.704427345,0.016673383,0.006929347,0.008930875,2.714725244,1.132391335,0.000943601,7.11E-05,0.0104775,6.947243056,0.045592002,0.226534276,0.000202783,13.77494596,1845.586456,38.05233691
19,87,1.311534345,0.001847254,0.001344156,0.00185625,1.843651559,0.796145615,0.000581219,2.13E-05,0.00206,0.769689236,0.058517369,0.255576,0.000107408,5.076189255,7.584682976,14.02262225
19,87,0.824913491,0.017465642,0.007337244,0.008769688,3.727541772,1.159689298,0.001026359,7.56E-05,0.01084715,7.277350694,0.045587763,0.24209731,0.00022031,14.72361167,94.18888969,40.67296041
19,87,1.143608382,0.001845367,0.001069357,0.0022375,1.716308803,0.784377376,0.000390787,1.77E-05,0.00253,0.768902778,0.051501433,0.223335069,6.23E-05,4.926176922,1.929280544,13.60822354
19,88,0.945121527,0.001896308,0.001113483,0.00140625,1.405026685,0.838133623,0.000450303,1.99E-05,0.002245,0.790128472,0.051118024,0.220738862,7.36E-05,5.599492314,1.130801969,15.46821081
19,88,0.796487091,0.01760335,0.008189086,0.010237063,2.600286724,1.273336334,0.0011669,8.70E-05,0.0117254,7.334729167,0.056866727,0.295593793,0.000252033,16.5996089,35.61073827,45.85527321
19,88,0.965508436,0.002128975,0.001087946,0.00144375,1.376899016,0.74612035,0.00041323,1.61E-05,0.00305,0.887072917,0.053294108,0.211438069,6.66E-05,4.528995843,83.85744065,12.51103824
19,88,0.965508436,0.002128975,0.001087946,0.00144375,1.376899016,0.74612035,0.00041323,1.61E-05,0.00305,0.887072917,0.053294108,0.211438069,6.66E-05,4.528995843,27.05005356,12.51103824
19,88,0.965508436,0.002128975,0.001087946,0.00144375,1.376899016,0.74612035,0.00041323,1.61E-05,0.00305,0.887072917,0.053294108,0.211438069,6.66E-05,4.528995843,4332.743052,12.51103824
19,88,0.965508436,0.002128975,0.001087946,0.00144375,1.376899016,0.74612035,0.00041323,1.61E-05,0.00305,0.887072917,0.053294108,0.211438069,6.66E-05,4.528995843,3485.741309,12.51103824
19,88,0.983940545,0.001960667,0.001035785,0.0018375,1.412189496,0.735204957,0.000398857,1.51E-05,0.002665,0.816944444,0.048518529,0.209301862,7.22E-05,4.238273686,30.04129849,11.70793836
19,88,0.607215345,0.016106529,0.006929314,0.0088385,2.554260551,1.105685777,0.000945883,7.07E-05,0.010805,6.711053819,0.04542542,0.217761828,0.000175823,13.66465975,1584.439883,37.74767885
19,88,0.630859436,0.016740329,0.007055753,0.008658813,2.557315559,1.149137503,0.000969987,6.97E-05,0.01072515,6.975137153,0.045436239,0.213007,0.000203201,13.63340316,1597.102325,37.66133469
19,89,0.513655473,0.015612946,0.006157992,0.007276688,2.553686701,1.089709714,0.000862703,6.11E-05,0.0098352,6.505394097,0.039460271,0.20419569,0.000176244,13.38800443,3726.00459,36.98343766
19,89,1.266851655,0.0022133,0.001134161,0.00179375,1.836771953,0.767901516,0.00033789,1.66E-05,0.00325,0.922208333,0.044703445,0.211215069,6.72E-05,4.561966098,589.3113882,12.60211629
19,89,0.535419945,0.016039204,0.006386032,0.008916438,2.115821055,1.11151546,0.000850412,6.41E-05,0.00988015,6.683001736,0.042223076,0.206673793,0.000174508,13.06903341,855.8809583,36.10230224
19,89,0.969066382,0.016871446,0.006369497,0.008803938,4.532610213,1.10576691,0.000874638,6.31E-05,0.01080415,7.029769097,0.043357239,0.20658169,0.000177297,13.86161557,826.2067805,38.29175571
19,89,1.007982891,0.002121238,0.001102858,0.001775,1.492547331,0.781284522,0.000358357,1.71E-05,0.00332,0.883848958,0.050565373,0.206564724,7.77E-05,4.67622902,1273.406164,12.91775972
19,89,1.041509091,0.0023088,0.001183186,0.00164375,1.471931937,0.779310271,0.000329003,1.71E-05,0.00289,0.962,0.045236869,0.203027448,6.18E-05,4.776384451,4884.007907,13.19443219
19,90,0.881813364,0.002592079,0.001359195,0.00161875,1.227576677,0.80669636,0.00028456,1.84E-05,0.00299,1.080032986,0.042242882,0.199915517,8.23E-05,4.93505349,528.6475188,13.63274445
19,90,0.930204036,0.018259967,0.007621387,0.009158625,3.426603874,1.290008624,0.001356296,7.97E-05,0.0099711,7.608319444,0.045798724,0.271706966,0.000191238,16.25475296,3495.461717,44.90263249
19,90,0.471595673,0.014884754,0.005897617,0.006789437,1.696452614,1.087166044,0.000912728,5.79E-05,0.00937445,6.201980903,0.036827759,0.196309,0.000134322,12.31184039,1036.234761,34.01060882
19,90,1.133523636,0.002646488,0.001510808,0.00179375,1.704420134,0.95575294,0.000440388,2.50E-05,0.00252,1.102703125,0.046949088,0.217276621,7.15E-05,7.106640824,4215.332012,19.63160448
19,90,0.4852876,0.015127825,0.005889752,0.006661125,1.379118378,1.081133341,0.000788329,5.73E-05,0.0098701,6.303260417,0.038649357,0.202248172,0.000163204,12.44882286,946.5131673,34.38901343
19,91,0.789796582,0.003202512,0.001833382,0.00246875,1.091169701,0.77454508,0.000335931,2.13E-05,0.004435,1.334380208,0.043979702,0.17029269,9.39E-05,4.837704431,256.7981514,13.3638244
19,91,0.462065509,0.013743429,0.005518858,0.006786375,1.332067874,1.130939725,0.000762657,5.56E-05,0.00905055,5.726428819,0.0392554,0.186072414,0.000148483,12.09332437,784.9091633,33.4069734
19,91,0.765143418,0.003302833,0.001908906,0.002325,0.873377646,0.770568509,0.000373487,2.11E-05,0.004575,1.376180556,0.03990891,0.156351759,9.86E-05,4.572177216,269.5408367,12.6303238
19,91,0.564885273,0.015560496,0.006200851,0.00707125,2.498362543,1.181848186,0.000983809,6.39E-05,0.00972875,6.483539931,0.041041447,0.20869731,0.000167032,13.38323892,649.9404415,36.97027326
19,91,0.491228764,0.015715988,0.005966272,0.007978188,1.799529512,1.117608477,0.0009136,6.36E-05,0.0090807,6.548328125,0.040002322,0.196787897,0.000158489,12.86520584,656.4648219,35.53924266
19,91,1.077708,0.003407125,0.001957108,0.0030375,1.323139449,0.829250723,0.000384883,2.40E-05,0.01297885,1.419635417,0.044410941,0.171613,8.63E-05,5.406126216,62.33890272,14.93405032
19,92,0.883184182,0.003495921,0.0020468,0.0029875,1.250039189,0.796635319,0.000336209,2.24E-05,0.00325,1.456633681,0.039352396,0.154799414,9.94E-05,5.030782451,243.5271265,13.89718909
19,92,0.7068522,0.003822954,0.001980659,0.0023875,0.921755669,0.778693054,0.000315877,2.24E-05,0.0036,1.592897569,0.041994341,0.160926207,8.95E-05,4.862952451,235.274641,13.43357031
19,92,0.462808145,0.014884158,0.005733253,0.006645125,1.881766268,1.137131803,0.00083731,5.76E-05,0.0093416,6.201732639,0.03691829,0.18044831,0.00013966,12.47868837,676.8774682,34.47151484
19,92,0.869354709,0.004041267,0.002293785,0.00251875,1.608448,0.891884177,0.000406661,2.63E-05,0.004365,1.683861111,0.040588373,0.156888345,9.06E-05,6.588545392,217.2953778,18.20040164
19,92,0.418134509,0.013873963,0.005161307,0.006393625,1.212428906,1.094962502,0.000789543,5.34E-05,0.0082839,5.780817708,0.037801388,0.189940793,0.00014592,11.64280882,686.1960263,32.16245531
19,92,0.459183509,0.013838604,0.005207736,0.0061,2.25895263,1.104220748,0.000689912,5.37E-05,0.0100847,5.766085069,0.037892071,0.178784138,0.000138541,11.94712475,668.2702403,33.00310703
19,93,0.831162745,0.004824696,0.002604112,0.00316875,1.431260213,0.967552052,0.000437456,3.11E-05,0.004085,2.010289931,0.045861255,0.180093586,0.000101124,7.732047765,242.0812609,21.35924797
19,93,0.645653655,0.015309742,0.006381193,0.0069005,2.208839827,1.24779741,0.000923427,6.80E-05,0.00857075,6.379059028,0.040828408,0.253720414,0.00018658,14.5043459,539.3080906,40.06725387
19,93,0.353472764,0.013364467,0.005136968,0.005075,0.490109961,1.109676511,0.000677533,5.19E-05,0.00822595,5.568527778,0.037208206,0.173364759,0.000115964,11.34052078,622.7483975,31.32740548
19,93,0.949458582,0.004563342,0.002725308,0.0028625,1.846947402,1.06468656,0.000489126,3.53E-05,0.00391,1.901392361,0.045449461,0.18870031,0.000109456,9.145067078,182.3247293,25.26261624
19,93,0.429760491,0.013817325,0.005295618,0.0052875,1.272664039,1.122223105,0.000714486,5.34E-05,0.00897795,5.75721875,0.036437541,0.20197,0.000147334,12.67739376,595.504337,35.02042476
19,93,0.685842127,0.004801479,0.002462137,0.00349375,0.880047992,0.872727995,0.00036074,2.77E-05,0.00467,2.000616319,0.043690227,0.187027793,0.000121598,6.907296765,281.9155631,19.08093029
19,94,0.711237818,0.0062174,0.002904463,0.0035625,0.927304354,0.895521829,0.00037372,3.07E-05,0.0056481,2.590583333,0.047024055,0.178059897,0.000116232,7.646989392,286.5948306,21.12428009
19,94,0.345148036,0.012270175,0.004280641,0.005275,0.622150315,1.035716347,0.000582048,4.53E-05,0.00813145,5.112572917,0.032731151,0.136525379,0.000109419,10.54805053,602.1648089,29.13826113
19,94,0.518772273,0.013770729,0.005376957,0.00591875,1.798401724,1.181929416,0.000686703,5.67E-05,0.00767335,5.737803819,0.035776922,0.210799138,0.000123599,12.94284608,996.8236537,35.75371845
19,94,0.790957691,0.005649808,0.002906954,0.00405625,1.085218559,0.872015248,0.000387301,3.01E-05,0.00574505,2.354086806,0.043815433,0.169570724,0.00010917,7.34975102,251.6596453,20.30317961
19,94,0.911869927,0.00615465,0.00317446,0.0040125,1.799271488,1.020157658,0.00044025,3.53E-05,0.005475,2.5644375,0.046984816,0.184148207,0.000124412,9.137977059,987.2082412,25.24303055
19,94,0.319348982,0.011220333,0.004040908,0.00394375,0.352757181,1.059576634,0.000510482,4.39E-05,0.0076203,4.675138889,0.031306247,0.137365793,9.57E-05,9.671944412,652.8184192,26.71807849
